,split0_test_score,split1_test_score,split2_test_score,split3_test_score,split4_test_score,split5_test_score,split6_test_score,split7_test_score,split8_test_score,split9_test_score,mean_test_score,std_test_score,rank_test_score,mean_fit_time,std_fit_time,mean_score_time,std_score_time,param_estimator__colsample_bytree,param_estimator__max_bin,param_estimator__max_depth,param_estimator__min_child_samples,param_estimator__min_child_weight,param_estimator__min_split_gain,param_estimator__num_leaves,param_estimator__reg_alpha,param_estimator__reg_lambda,param_estimator__subsample,param_estimator__subsample_for_bin,param_estimator__subsample_freq,param_subset__AVEUSERNUMBER_chnn,param_subset__AVEUSERNUMBER_data_min_main,param_subset__AVEUSERNUMBER_data_rel_chnn_min_3d,param_subset__AVR_DL_HSPA_USER_3G_data_min_main,param_subset__AVR_TX_POWER_3G_voice_chnn_max_3d,param_subset__AVR_UL_HSPA_USER_chnn,param_subset__COM_CAT#21_2m,param_subset__COM_CAT#30,param_subset__CSSR_2G_voice_avg_min_14d,param_subset__DATA_SPEED,param_subset__DL_AVR_THROUGHPUT_LTE_chnn,param_subset__DL_AVR_THROUGHPUT_LTE_data_min_main,param_subset__DL_MEAN_USER_THROUGHPUT_LTE_data_chnn_min_7d,param_subset__HSDPA_USERS_3G_chnn,param_subset__NODEB_CNBAP_LOAD_HARDWARE_data_main,param_subset__NODEB_CNBAP_LOAD_HARDWARE_data_rel_avg_mean_14d,param_subset__PSSR_2G_data_avg_max_7d,param_subset__PSSR_2G_voice_avg_max_3d,param_subset__PSSR_2G_voice_rel_avg_min_3d,param_subset__RAB_CS_BLOCKING_RATE_3G_voice_avg_mean_14d,param_subset__RBU_AVAIL_DL_data_avg_mean_7d,param_subset__RBU_OTHER_DL_data_avg_max_7d,param_subset__RBU_OWN_UL_data_avg_max_3d,param_subset__RBU_USED_UL_voice_chnn_max_3d,param_subset__RENT_CHANNEL_div_1m_2m,param_subset__RRC_BLOCKING_RATE_LTE_voice_avg_max_7d,param_subset__SHO_FACTOR_avg,param_subset__SHO_FACTOR_data_rel_avg_max_14d,param_subset__SUM_DATA_MB,param_subset__SUM_MINUTES,param_subset__TBF_DROP_RATE_2G_avg,param_subset__TOTAL_UL_VOLUME_3G_data_main,param_subset__UL_AVR_THROUGHPUT_3G_voice_chnn_mean_3d,param_subset__UL_AVR_THROUGHPUT_3G_voice_chnn_mean_7d,param_subset__UL_AVR_THROUGHPUT_LTE_data_chnn_max_14d,param_subset__UL_MEAN_USER_THROUGHPUT_HS3G_data_rel_chnn_mean_7d,param_subset__UL_MEAN_USER_THROUGHPUT_LTE_data_min_main,param_subset__UTIL_BRD_CPU_3G_data_rel_avg_max_14d,param_subset__UTIL_CE_HW_DL_3G_avg,param_subset__UTIL_CE_HW_DL_3G_data_rel_avg_mean_3d,param_subset__UTIL_CE_UL_3G_data_main,param_subset__UTIL_SUBUNITS_3G_voice_avg_max_3d,param_subset__VOICE_DUR_MIN_voice_rel_avg_min_3d,params
0,0.5693489517018928,0.5459514148367826,0.5006370245067074,0.5474984743530722,0.5032118882691134,0.4695696460402342,0.5529158592336434,0.5474556491761506,0.5830701369335033,0.54233804053403,0.5361917784733934,0.03280664732075455,1,0.5166704654693604,0.03606202486861,0.06563677787780761,0.009264672845303063,0.8,185,-1,54,673,0.48988304273987693,9,0.5806777522237734,0.28924014548468086,0.6886749530081266,200000,1,True,True,True,True,True,True,True,True,True,True,True,True,True,True,True,True,True,True,True,True,True,True,True,True,True,True,True,True,True,True,True,True,True,True,True,True,True,True,True,True,True,True,True,"{'estimator__colsample_bytree': 0.8, 'estimator__max_bin': 185, 'estimator__max_depth': -1, 'estimator__min_child_samples': 54, 'estimator__min_child_weight': 673, 'estimator__min_split_gain': 0.48988304273987693, 'estimator__num_leaves': 9, 'estimator__reg_alpha': 0.5806777522237734, 'estimator__reg_lambda': 0.28924014548468086, 'estimator__subsample': 0.6886749530081266, 'estimator__subsample_for_bin': 200000, 'estimator__subsample_freq': 1, 'subset__AVEUSERNUMBER_chnn': True, 'subset__AVEUSERNUMBER_data_min_main': True, 'subset__AVEUSERNUMBER_data_rel_chnn_min_3d': True, 'subset__AVR_DL_HSPA_USER_3G_data_min_main': True, 'subset__AVR_TX_POWER_3G_voice_chnn_max_3d': True, 'subset__AVR_UL_HSPA_USER_chnn': True, 'subset__COM_CAT#21_2m': True, 'subset__COM_CAT#30': True, 'subset__CSSR_2G_voice_avg_min_14d': True, 'subset__DATA_SPEED': True, 'subset__DL_AVR_THROUGHPUT_LTE_chnn': True, 'subset__DL_AVR_THROUGHPUT_LTE_data_min_main': True, 'subset__DL_MEAN_USER_THROUGHPUT_LTE_data_chnn_min_7d': True, 'subset__HSDPA_USERS_3G_chnn': True, 'subset__NODEB_CNBAP_LOAD_HARDWARE_data_main': True, 'subset__NODEB_CNBAP_LOAD_HARDWARE_data_rel_avg_mean_14d': True, 'subset__PSSR_2G_data_avg_max_7d': True, 'subset__PSSR_2G_voice_avg_max_3d': True, 'subset__PSSR_2G_voice_rel_avg_min_3d': True, 'subset__RAB_CS_BLOCKING_RATE_3G_voice_avg_mean_14d': True, 'subset__RBU_AVAIL_DL_data_avg_mean_7d': True, 'subset__RBU_OTHER_DL_data_avg_max_7d': True, 'subset__RBU_OWN_UL_data_avg_max_3d': True, 'subset__RBU_USED_UL_voice_chnn_max_3d': True, 'subset__RENT_CHANNEL_div_1m_2m': True, 'subset__RRC_BLOCKING_RATE_LTE_voice_avg_max_7d': True, 'subset__SHO_FACTOR_avg': True, 'subset__SHO_FACTOR_data_rel_avg_max_14d': True, 'subset__SUM_DATA_MB': True, 'subset__SUM_MINUTES': True, 'subset__TBF_DROP_RATE_2G_avg': True, 'subset__TOTAL_UL_VOLUME_3G_data_main': True, 'subset__UL_AVR_THROUGHPUT_3G_voice_chnn_mean_3d': True, 'subset__UL_AVR_THROUGHPUT_3G_voice_chnn_mean_7d': True, 'subset__UL_AVR_THROUGHPUT_LTE_data_chnn_max_14d': True, 'subset__UL_MEAN_USER_THROUGHPUT_HS3G_data_rel_chnn_mean_7d': True, 'subset__UL_MEAN_USER_THROUGHPUT_LTE_data_min_main': True, 'subset__UTIL_BRD_CPU_3G_data_rel_avg_max_14d': True, 'subset__UTIL_CE_HW_DL_3G_avg': True, 'subset__UTIL_CE_HW_DL_3G_data_rel_avg_mean_3d': True, 'subset__UTIL_CE_UL_3G_data_main': True, 'subset__UTIL_SUBUNITS_3G_voice_avg_max_3d': True, 'subset__VOICE_DUR_MIN_voice_rel_avg_min_3d': True}"
1,0.5640225787284611,0.547776838003062,0.5053959722921105,0.5461387749858142,0.5144695566523559,0.4671770223240811,0.5564917615065896,0.5491472436645505,0.5839641125017396,0.5497414429943362,0.5384217142924351,0.031929995811730595,1,0.5241838932037354,0.02915782911759514,0.06735200881958008,0.007743239844371156,0.8,222,-1,143,865,0.24361905859085004,7,0.3298318084584718,0.6039426467852118,0.8720880901138763,200000,1,True,True,True,True,True,True,True,True,True,True,True,True,True,True,True,True,True,True,True,True,True,True,True,True,True,True,True,True,True,True,True,True,True,True,True,True,True,True,True,True,True,True,True,"{'estimator__colsample_bytree': 0.8, 'estimator__max_bin': 222, 'estimator__max_depth': -1, 'estimator__min_child_samples': 143, 'estimator__min_child_weight': 865, 'estimator__min_split_gain': 0.24361905859085004, 'estimator__num_leaves': 7, 'estimator__reg_alpha': 0.3298318084584718, 'estimator__reg_lambda': 0.6039426467852118, 'estimator__subsample': 0.8720880901138763, 'estimator__subsample_for_bin': 200000, 'estimator__subsample_freq': 1, 'subset__AVEUSERNUMBER_chnn': True, 'subset__AVEUSERNUMBER_data_min_main': True, 'subset__AVEUSERNUMBER_data_rel_chnn_min_3d': True, 'subset__AVR_DL_HSPA_USER_3G_data_min_main': True, 'subset__AVR_TX_POWER_3G_voice_chnn_max_3d': True, 'subset__AVR_UL_HSPA_USER_chnn': True, 'subset__COM_CAT#21_2m': True, 'subset__COM_CAT#30': True, 'subset__CSSR_2G_voice_avg_min_14d': True, 'subset__DATA_SPEED': True, 'subset__DL_AVR_THROUGHPUT_LTE_chnn': True, 'subset__DL_AVR_THROUGHPUT_LTE_data_min_main': True, 'subset__DL_MEAN_USER_THROUGHPUT_LTE_data_chnn_min_7d': True, 'subset__HSDPA_USERS_3G_chnn': True, 'subset__NODEB_CNBAP_LOAD_HARDWARE_data_main': True, 'subset__NODEB_CNBAP_LOAD_HARDWARE_data_rel_avg_mean_14d': True, 'subset__PSSR_2G_data_avg_max_7d': True, 'subset__PSSR_2G_voice_avg_max_3d': True, 'subset__PSSR_2G_voice_rel_avg_min_3d': True, 'subset__RAB_CS_BLOCKING_RATE_3G_voice_avg_mean_14d': True, 'subset__RBU_AVAIL_DL_data_avg_mean_7d': True, 'subset__RBU_OTHER_DL_data_avg_max_7d': True, 'subset__RBU_OWN_UL_data_avg_max_3d': True, 'subset__RBU_USED_UL_voice_chnn_max_3d': True, 'subset__RENT_CHANNEL_div_1m_2m': True, 'subset__RRC_BLOCKING_RATE_LTE_voice_avg_max_7d': True, 'subset__SHO_FACTOR_avg': True, 'subset__SHO_FACTOR_data_rel_avg_max_14d': True, 'subset__SUM_DATA_MB': True, 'subset__SUM_MINUTES': True, 'subset__TBF_DROP_RATE_2G_avg': True, 'subset__TOTAL_UL_VOLUME_3G_data_main': True, 'subset__UL_AVR_THROUGHPUT_3G_voice_chnn_mean_3d': True, 'subset__UL_AVR_THROUGHPUT_3G_voice_chnn_mean_7d': True, 'subset__UL_AVR_THROUGHPUT_LTE_data_chnn_max_14d': True, 'subset__UL_MEAN_USER_THROUGHPUT_HS3G_data_rel_chnn_mean_7d': True, 'subset__UL_MEAN_USER_THROUGHPUT_LTE_data_min_main': True, 'subset__UTIL_BRD_CPU_3G_data_rel_avg_max_14d': True, 'subset__UTIL_CE_HW_DL_3G_avg': True, 'subset__UTIL_CE_HW_DL_3G_data_rel_avg_mean_3d': True, 'subset__UTIL_CE_UL_3G_data_main': True, 'subset__UTIL_SUBUNITS_3G_voice_avg_max_3d': True, 'subset__VOICE_DUR_MIN_voice_rel_avg_min_3d': True}"
2,0.5695982938629998,0.5692697236705458,0.5446720126762523,0.5500144534972111,0.5051657869661573,0.496466768525592,0.5438476280205133,0.5261287110692376,0.5563418733873644,0.5243300536385341,0.5385809009723043,0.023805485424865557,1,1.2011463403701783,0.12158169800719913,0.08760416507720947,0.024127166510297112,0.8,230,-1,71,196,0.5175657406644092,7,0.5885091453713227,0.5294734018821113,0.8839241866157332,200000,1,True,True,True,True,True,True,True,True,True,True,True,True,True,True,True,True,True,True,True,True,True,True,True,True,True,True,True,True,True,True,True,True,True,True,True,True,True,True,True,True,True,True,True,"{'estimator__colsample_bytree': 0.8, 'estimator__max_bin': 230, 'estimator__max_depth': -1, 'estimator__min_child_samples': 71, 'estimator__min_child_weight': 196, 'estimator__min_split_gain': 0.5175657406644092, 'estimator__num_leaves': 7, 'estimator__reg_alpha': 0.5885091453713227, 'estimator__reg_lambda': 0.5294734018821113, 'estimator__subsample': 0.8839241866157332, 'estimator__subsample_for_bin': 200000, 'estimator__subsample_freq': 1, 'subset__AVEUSERNUMBER_chnn': True, 'subset__AVEUSERNUMBER_data_min_main': True, 'subset__AVEUSERNUMBER_data_rel_chnn_min_3d': True, 'subset__AVR_DL_HSPA_USER_3G_data_min_main': True, 'subset__AVR_TX_POWER_3G_voice_chnn_max_3d': True, 'subset__AVR_UL_HSPA_USER_chnn': True, 'subset__COM_CAT#21_2m': True, 'subset__COM_CAT#30': True, 'subset__CSSR_2G_voice_avg_min_14d': True, 'subset__DATA_SPEED': True, 'subset__DL_AVR_THROUGHPUT_LTE_chnn': True, 'subset__DL_AVR_THROUGHPUT_LTE_data_min_main': True, 'subset__DL_MEAN_USER_THROUGHPUT_LTE_data_chnn_min_7d': True, 'subset__HSDPA_USERS_3G_chnn': True, 'subset__NODEB_CNBAP_LOAD_HARDWARE_data_main': True, 'subset__NODEB_CNBAP_LOAD_HARDWARE_data_rel_avg_mean_14d': True, 'subset__PSSR_2G_data_avg_max_7d': True, 'subset__PSSR_2G_voice_avg_max_3d': True, 'subset__PSSR_2G_voice_rel_avg_min_3d': True, 'subset__RAB_CS_BLOCKING_RATE_3G_voice_avg_mean_14d': True, 'subset__RBU_AVAIL_DL_data_avg_mean_7d': True, 'subset__RBU_OTHER_DL_data_avg_max_7d': True, 'subset__RBU_OWN_UL_data_avg_max_3d': True, 'subset__RBU_USED_UL_voice_chnn_max_3d': True, 'subset__RENT_CHANNEL_div_1m_2m': True, 'subset__RRC_BLOCKING_RATE_LTE_voice_avg_max_7d': True, 'subset__SHO_FACTOR_avg': True, 'subset__SHO_FACTOR_data_rel_avg_max_14d': True, 'subset__SUM_DATA_MB': True, 'subset__SUM_MINUTES': True, 'subset__TBF_DROP_RATE_2G_avg': True, 'subset__TOTAL_UL_VOLUME_3G_data_main': True, 'subset__UL_AVR_THROUGHPUT_3G_voice_chnn_mean_3d': True, 'subset__UL_AVR_THROUGHPUT_3G_voice_chnn_mean_7d': True, 'subset__UL_AVR_THROUGHPUT_LTE_data_chnn_max_14d': True, 'subset__UL_MEAN_USER_THROUGHPUT_HS3G_data_rel_chnn_mean_7d': True, 'subset__UL_MEAN_USER_THROUGHPUT_LTE_data_min_main': True, 'subset__UTIL_BRD_CPU_3G_data_rel_avg_max_14d': True, 'subset__UTIL_CE_HW_DL_3G_avg': True, 'subset__UTIL_CE_HW_DL_3G_data_rel_avg_mean_3d': True, 'subset__UTIL_CE_UL_3G_data_main': True, 'subset__UTIL_SUBUNITS_3G_voice_avg_max_3d': True, 'subset__VOICE_DUR_MIN_voice_rel_avg_min_3d': True}"
3,0.5801767676767676,0.5531192788240207,0.508950461976596,0.5486708135712985,0.5072053360170444,0.4725776674306086,0.5547894607239596,0.5434836140166804,0.5766624198366219,0.5393509844437545,0.5384929384039389,0.03163756308424069,1,0.5074791431427002,0.04132320107919934,0.07608292102813721,0.013656435522527929,0.8,51,-1,122,528,0.26681852745049545,14,0.6672097296514624,0.8663324184315394,0.5320771585306103,200000,1,True,True,True,True,True,True,True,True,True,True,True,True,True,True,True,True,True,True,True,True,True,True,True,True,True,True,True,True,True,True,True,True,True,True,True,True,True,True,True,True,True,True,True,"{'estimator__colsample_bytree': 0.8, 'estimator__max_bin': 51, 'estimator__max_depth': -1, 'estimator__min_child_samples': 122, 'estimator__min_child_weight': 528, 'estimator__min_split_gain': 0.26681852745049545, 'estimator__num_leaves': 14, 'estimator__reg_alpha': 0.6672097296514624, 'estimator__reg_lambda': 0.8663324184315394, 'estimator__subsample': 0.5320771585306103, 'estimator__subsample_for_bin': 200000, 'estimator__subsample_freq': 1, 'subset__AVEUSERNUMBER_chnn': True, 'subset__AVEUSERNUMBER_data_min_main': True, 'subset__AVEUSERNUMBER_data_rel_chnn_min_3d': True, 'subset__AVR_DL_HSPA_USER_3G_data_min_main': True, 'subset__AVR_TX_POWER_3G_voice_chnn_max_3d': True, 'subset__AVR_UL_HSPA_USER_chnn': True, 'subset__COM_CAT#21_2m': True, 'subset__COM_CAT#30': True, 'subset__CSSR_2G_voice_avg_min_14d': True, 'subset__DATA_SPEED': True, 'subset__DL_AVR_THROUGHPUT_LTE_chnn': True, 'subset__DL_AVR_THROUGHPUT_LTE_data_min_main': True, 'subset__DL_MEAN_USER_THROUGHPUT_LTE_data_chnn_min_7d': True, 'subset__HSDPA_USERS_3G_chnn': True, 'subset__NODEB_CNBAP_LOAD_HARDWARE_data_main': True, 'subset__NODEB_CNBAP_LOAD_HARDWARE_data_rel_avg_mean_14d': True, 'subset__PSSR_2G_data_avg_max_7d': True, 'subset__PSSR_2G_voice_avg_max_3d': True, 'subset__PSSR_2G_voice_rel_avg_min_3d': True, 'subset__RAB_CS_BLOCKING_RATE_3G_voice_avg_mean_14d': True, 'subset__RBU_AVAIL_DL_data_avg_mean_7d': True, 'subset__RBU_OTHER_DL_data_avg_max_7d': True, 'subset__RBU_OWN_UL_data_avg_max_3d': True, 'subset__RBU_USED_UL_voice_chnn_max_3d': True, 'subset__RENT_CHANNEL_div_1m_2m': True, 'subset__RRC_BLOCKING_RATE_LTE_voice_avg_max_7d': True, 'subset__SHO_FACTOR_avg': True, 'subset__SHO_FACTOR_data_rel_avg_max_14d': True, 'subset__SUM_DATA_MB': True, 'subset__SUM_MINUTES': True, 'subset__TBF_DROP_RATE_2G_avg': True, 'subset__TOTAL_UL_VOLUME_3G_data_main': True, 'subset__UL_AVR_THROUGHPUT_3G_voice_chnn_mean_3d': True, 'subset__UL_AVR_THROUGHPUT_3G_voice_chnn_mean_7d': True, 'subset__UL_AVR_THROUGHPUT_LTE_data_chnn_max_14d': True, 'subset__UL_MEAN_USER_THROUGHPUT_HS3G_data_rel_chnn_mean_7d': True, 'subset__UL_MEAN_USER_THROUGHPUT_LTE_data_min_main': True, 'subset__UTIL_BRD_CPU_3G_data_rel_avg_max_14d': True, 'subset__UTIL_CE_HW_DL_3G_avg': True, 'subset__UTIL_CE_HW_DL_3G_data_rel_avg_mean_3d': True, 'subset__UTIL_CE_UL_3G_data_main': True, 'subset__UTIL_SUBUNITS_3G_voice_avg_max_3d': True, 'subset__VOICE_DUR_MIN_voice_rel_avg_min_3d': True}"
4,0.5,0.5,0.5,0.5,0.5,0.5,0.5,0.5,0.5,0.5,0.5,0.0,1,0.494122838973999,0.049289735611294176,0.06885807514190674,0.0035946024390795775,0.8,115,-1,110,905,0.7019218058118859,10,0.5226846661360457,0.3354296532515728,0.6956557372194578,200000,1,True,True,True,True,True,True,True,True,True,True,True,True,True,True,True,True,True,True,True,True,True,True,True,True,True,True,True,True,True,True,True,True,True,True,True,True,True,True,True,True,True,True,True,"{'estimator__colsample_bytree': 0.8, 'estimator__max_bin': 115, 'estimator__max_depth': -1, 'estimator__min_child_samples': 110, 'estimator__min_child_weight': 905, 'estimator__min_split_gain': 0.7019218058118859, 'estimator__num_leaves': 10, 'estimator__reg_alpha': 0.5226846661360457, 'estimator__reg_lambda': 0.3354296532515728, 'estimator__subsample': 0.6956557372194578, 'estimator__subsample_for_bin': 200000, 'estimator__subsample_freq': 1, 'subset__AVEUSERNUMBER_chnn': True, 'subset__AVEUSERNUMBER_data_min_main': True, 'subset__AVEUSERNUMBER_data_rel_chnn_min_3d': True, 'subset__AVR_DL_HSPA_USER_3G_data_min_main': True, 'subset__AVR_TX_POWER_3G_voice_chnn_max_3d': True, 'subset__AVR_UL_HSPA_USER_chnn': True, 'subset__COM_CAT#21_2m': True, 'subset__COM_CAT#30': True, 'subset__CSSR_2G_voice_avg_min_14d': True, 'subset__DATA_SPEED': True, 'subset__DL_AVR_THROUGHPUT_LTE_chnn': True, 'subset__DL_AVR_THROUGHPUT_LTE_data_min_main': True, 'subset__DL_MEAN_USER_THROUGHPUT_LTE_data_chnn_min_7d': True, 'subset__HSDPA_USERS_3G_chnn': True, 'subset__NODEB_CNBAP_LOAD_HARDWARE_data_main': True, 'subset__NODEB_CNBAP_LOAD_HARDWARE_data_rel_avg_mean_14d': True, 'subset__PSSR_2G_data_avg_max_7d': True, 'subset__PSSR_2G_voice_avg_max_3d': True, 'subset__PSSR_2G_voice_rel_avg_min_3d': True, 'subset__RAB_CS_BLOCKING_RATE_3G_voice_avg_mean_14d': True, 'subset__RBU_AVAIL_DL_data_avg_mean_7d': True, 'subset__RBU_OTHER_DL_data_avg_max_7d': True, 'subset__RBU_OWN_UL_data_avg_max_3d': True, 'subset__RBU_USED_UL_voice_chnn_max_3d': True, 'subset__RENT_CHANNEL_div_1m_2m': True, 'subset__RRC_BLOCKING_RATE_LTE_voice_avg_max_7d': True, 'subset__SHO_FACTOR_avg': True, 'subset__SHO_FACTOR_data_rel_avg_max_14d': True, 'subset__SUM_DATA_MB': True, 'subset__SUM_MINUTES': True, 'subset__TBF_DROP_RATE_2G_avg': True, 'subset__TOTAL_UL_VOLUME_3G_data_main': True, 'subset__UL_AVR_THROUGHPUT_3G_voice_chnn_mean_3d': True, 'subset__UL_AVR_THROUGHPUT_3G_voice_chnn_mean_7d': True, 'subset__UL_AVR_THROUGHPUT_LTE_data_chnn_max_14d': True, 'subset__UL_MEAN_USER_THROUGHPUT_HS3G_data_rel_chnn_mean_7d': True, 'subset__UL_MEAN_USER_THROUGHPUT_LTE_data_min_main': True, 'subset__UTIL_BRD_CPU_3G_data_rel_avg_max_14d': True, 'subset__UTIL_CE_HW_DL_3G_avg': True, 'subset__UTIL_CE_HW_DL_3G_data_rel_avg_mean_3d': True, 'subset__UTIL_CE_UL_3G_data_main': True, 'subset__UTIL_SUBUNITS_3G_voice_avg_max_3d': True, 'subset__VOICE_DUR_MIN_voice_rel_avg_min_3d': True}"
5,0.5,0.5,0.5,0.5,0.5,0.5,0.5,0.5,0.5,0.5,0.5,0.0,1,0.466782808303833,0.025177557020905166,0.07411484718322754,0.019380869477111054,0.8,235,-1,36,802,0.4608058445882805,11,0.44759735407873813,0.746019740285371,0.6344563221826109,200000,1,True,True,True,True,True,True,True,True,True,True,True,True,True,True,True,True,True,True,True,True,True,True,True,True,True,True,True,True,True,True,True,True,True,True,True,True,True,True,True,True,True,True,True,"{'estimator__colsample_bytree': 0.8, 'estimator__max_bin': 235, 'estimator__max_depth': -1, 'estimator__min_child_samples': 36, 'estimator__min_child_weight': 802, 'estimator__min_split_gain': 0.4608058445882805, 'estimator__num_leaves': 11, 'estimator__reg_alpha': 0.44759735407873813, 'estimator__reg_lambda': 0.746019740285371, 'estimator__subsample': 0.6344563221826109, 'estimator__subsample_for_bin': 200000, 'estimator__subsample_freq': 1, 'subset__AVEUSERNUMBER_chnn': True, 'subset__AVEUSERNUMBER_data_min_main': True, 'subset__AVEUSERNUMBER_data_rel_chnn_min_3d': True, 'subset__AVR_DL_HSPA_USER_3G_data_min_main': True, 'subset__AVR_TX_POWER_3G_voice_chnn_max_3d': True, 'subset__AVR_UL_HSPA_USER_chnn': True, 'subset__COM_CAT#21_2m': True, 'subset__COM_CAT#30': True, 'subset__CSSR_2G_voice_avg_min_14d': True, 'subset__DATA_SPEED': True, 'subset__DL_AVR_THROUGHPUT_LTE_chnn': True, 'subset__DL_AVR_THROUGHPUT_LTE_data_min_main': True, 'subset__DL_MEAN_USER_THROUGHPUT_LTE_data_chnn_min_7d': True, 'subset__HSDPA_USERS_3G_chnn': True, 'subset__NODEB_CNBAP_LOAD_HARDWARE_data_main': True, 'subset__NODEB_CNBAP_LOAD_HARDWARE_data_rel_avg_mean_14d': True, 'subset__PSSR_2G_data_avg_max_7d': True, 'subset__PSSR_2G_voice_avg_max_3d': True, 'subset__PSSR_2G_voice_rel_avg_min_3d': True, 'subset__RAB_CS_BLOCKING_RATE_3G_voice_avg_mean_14d': True, 'subset__RBU_AVAIL_DL_data_avg_mean_7d': True, 'subset__RBU_OTHER_DL_data_avg_max_7d': True, 'subset__RBU_OWN_UL_data_avg_max_3d': True, 'subset__RBU_USED_UL_voice_chnn_max_3d': True, 'subset__RENT_CHANNEL_div_1m_2m': True, 'subset__RRC_BLOCKING_RATE_LTE_voice_avg_max_7d': True, 'subset__SHO_FACTOR_avg': True, 'subset__SHO_FACTOR_data_rel_avg_max_14d': True, 'subset__SUM_DATA_MB': True, 'subset__SUM_MINUTES': True, 'subset__TBF_DROP_RATE_2G_avg': True, 'subset__TOTAL_UL_VOLUME_3G_data_main': True, 'subset__UL_AVR_THROUGHPUT_3G_voice_chnn_mean_3d': True, 'subset__UL_AVR_THROUGHPUT_3G_voice_chnn_mean_7d': True, 'subset__UL_AVR_THROUGHPUT_LTE_data_chnn_max_14d': True, 'subset__UL_MEAN_USER_THROUGHPUT_HS3G_data_rel_chnn_mean_7d': True, 'subset__UL_MEAN_USER_THROUGHPUT_LTE_data_min_main': True, 'subset__UTIL_BRD_CPU_3G_data_rel_avg_max_14d': True, 'subset__UTIL_CE_HW_DL_3G_avg': True, 'subset__UTIL_CE_HW_DL_3G_data_rel_avg_mean_3d': True, 'subset__UTIL_CE_UL_3G_data_main': True, 'subset__UTIL_SUBUNITS_3G_voice_avg_max_3d': True, 'subset__VOICE_DUR_MIN_voice_rel_avg_min_3d': True}"
6,0.5694815805109923,0.5605976253439398,0.5045287624594499,0.5507638940933375,0.5103636928150059,0.4666358967829556,0.5580227615815337,0.540014774686038,0.5830540774921578,0.5453732749483422,0.5388737691280193,0.033365089501012316,1,0.6142158508300781,0.03756488697735392,0.07257170677185058,0.008056320368409912,0.8,196,-1,132,597,0.6162340245607869,13,0.3743536808679533,0.6971883610053655,0.6805797426859799,200000,1,True,True,True,True,True,True,True,True,True,True,True,True,True,True,True,True,True,True,True,True,True,True,True,True,True,True,True,True,True,True,True,True,True,True,True,True,True,True,True,True,True,True,True,"{'estimator__colsample_bytree': 0.8, 'estimator__max_bin': 196, 'estimator__max_depth': -1, 'estimator__min_child_samples': 132, 'estimator__min_child_weight': 597, 'estimator__min_split_gain': 0.6162340245607869, 'estimator__num_leaves': 13, 'estimator__reg_alpha': 0.3743536808679533, 'estimator__reg_lambda': 0.6971883610053655, 'estimator__subsample': 0.6805797426859799, 'estimator__subsample_for_bin': 200000, 'estimator__subsample_freq': 1, 'subset__AVEUSERNUMBER_chnn': True, 'subset__AVEUSERNUMBER_data_min_main': True, 'subset__AVEUSERNUMBER_data_rel_chnn_min_3d': True, 'subset__AVR_DL_HSPA_USER_3G_data_min_main': True, 'subset__AVR_TX_POWER_3G_voice_chnn_max_3d': True, 'subset__AVR_UL_HSPA_USER_chnn': True, 'subset__COM_CAT#21_2m': True, 'subset__COM_CAT#30': True, 'subset__CSSR_2G_voice_avg_min_14d': True, 'subset__DATA_SPEED': True, 'subset__DL_AVR_THROUGHPUT_LTE_chnn': True, 'subset__DL_AVR_THROUGHPUT_LTE_data_min_main': True, 'subset__DL_MEAN_USER_THROUGHPUT_LTE_data_chnn_min_7d': True, 'subset__HSDPA_USERS_3G_chnn': True, 'subset__NODEB_CNBAP_LOAD_HARDWARE_data_main': True, 'subset__NODEB_CNBAP_LOAD_HARDWARE_data_rel_avg_mean_14d': True, 'subset__PSSR_2G_data_avg_max_7d': True, 'subset__PSSR_2G_voice_avg_max_3d': True, 'subset__PSSR_2G_voice_rel_avg_min_3d': True, 'subset__RAB_CS_BLOCKING_RATE_3G_voice_avg_mean_14d': True, 'subset__RBU_AVAIL_DL_data_avg_mean_7d': True, 'subset__RBU_OTHER_DL_data_avg_max_7d': True, 'subset__RBU_OWN_UL_data_avg_max_3d': True, 'subset__RBU_USED_UL_voice_chnn_max_3d': True, 'subset__RENT_CHANNEL_div_1m_2m': True, 'subset__RRC_BLOCKING_RATE_LTE_voice_avg_max_7d': True, 'subset__SHO_FACTOR_avg': True, 'subset__SHO_FACTOR_data_rel_avg_max_14d': True, 'subset__SUM_DATA_MB': True, 'subset__SUM_MINUTES': True, 'subset__TBF_DROP_RATE_2G_avg': True, 'subset__TOTAL_UL_VOLUME_3G_data_main': True, 'subset__UL_AVR_THROUGHPUT_3G_voice_chnn_mean_3d': True, 'subset__UL_AVR_THROUGHPUT_3G_voice_chnn_mean_7d': True, 'subset__UL_AVR_THROUGHPUT_LTE_data_chnn_max_14d': True, 'subset__UL_MEAN_USER_THROUGHPUT_HS3G_data_rel_chnn_mean_7d': True, 'subset__UL_MEAN_USER_THROUGHPUT_LTE_data_min_main': True, 'subset__UTIL_BRD_CPU_3G_data_rel_avg_max_14d': True, 'subset__UTIL_CE_HW_DL_3G_avg': True, 'subset__UTIL_CE_HW_DL_3G_data_rel_avg_mean_3d': True, 'subset__UTIL_CE_UL_3G_data_main': True, 'subset__UTIL_SUBUNITS_3G_voice_avg_max_3d': True, 'subset__VOICE_DUR_MIN_voice_rel_avg_min_3d': True}"
7,0.5549719887955182,0.5691358949926661,0.5348811066025716,0.5585313105574767,0.5101495669303984,0.4719039130803837,0.5527499116730725,0.5441366979647335,0.5530443347644081,0.5389548515572306,0.5388339216867517,0.027048413278368016,1,0.927403450012207,0.13993927132732145,0.07969980239868164,0.012657861499233156,0.8,231,-1,127,331,0.23579418757393628,12,0.11677070528478871,0.3664431114354315,0.7955675738687527,200000,1,True,True,True,True,True,True,True,True,True,True,True,True,True,True,True,True,True,True,True,True,True,True,True,True,True,True,True,True,True,True,True,True,True,True,True,True,True,True,True,True,True,True,True,"{'estimator__colsample_bytree': 0.8, 'estimator__max_bin': 231, 'estimator__max_depth': -1, 'estimator__min_child_samples': 127, 'estimator__min_child_weight': 331, 'estimator__min_split_gain': 0.23579418757393628, 'estimator__num_leaves': 12, 'estimator__reg_alpha': 0.11677070528478871, 'estimator__reg_lambda': 0.3664431114354315, 'estimator__subsample': 0.7955675738687527, 'estimator__subsample_for_bin': 200000, 'estimator__subsample_freq': 1, 'subset__AVEUSERNUMBER_chnn': True, 'subset__AVEUSERNUMBER_data_min_main': True, 'subset__AVEUSERNUMBER_data_rel_chnn_min_3d': True, 'subset__AVR_DL_HSPA_USER_3G_data_min_main': True, 'subset__AVR_TX_POWER_3G_voice_chnn_max_3d': True, 'subset__AVR_UL_HSPA_USER_chnn': True, 'subset__COM_CAT#21_2m': True, 'subset__COM_CAT#30': True, 'subset__CSSR_2G_voice_avg_min_14d': True, 'subset__DATA_SPEED': True, 'subset__DL_AVR_THROUGHPUT_LTE_chnn': True, 'subset__DL_AVR_THROUGHPUT_LTE_data_min_main': True, 'subset__DL_MEAN_USER_THROUGHPUT_LTE_data_chnn_min_7d': True, 'subset__HSDPA_USERS_3G_chnn': True, 'subset__NODEB_CNBAP_LOAD_HARDWARE_data_main': True, 'subset__NODEB_CNBAP_LOAD_HARDWARE_data_rel_avg_mean_14d': True, 'subset__PSSR_2G_data_avg_max_7d': True, 'subset__PSSR_2G_voice_avg_max_3d': True, 'subset__PSSR_2G_voice_rel_avg_min_3d': True, 'subset__RAB_CS_BLOCKING_RATE_3G_voice_avg_mean_14d': True, 'subset__RBU_AVAIL_DL_data_avg_mean_7d': True, 'subset__RBU_OTHER_DL_data_avg_max_7d': True, 'subset__RBU_OWN_UL_data_avg_max_3d': True, 'subset__RBU_USED_UL_voice_chnn_max_3d': True, 'subset__RENT_CHANNEL_div_1m_2m': True, 'subset__RRC_BLOCKING_RATE_LTE_voice_avg_max_7d': True, 'subset__SHO_FACTOR_avg': True, 'subset__SHO_FACTOR_data_rel_avg_max_14d': True, 'subset__SUM_DATA_MB': True, 'subset__SUM_MINUTES': True, 'subset__TBF_DROP_RATE_2G_avg': True, 'subset__TOTAL_UL_VOLUME_3G_data_main': True, 'subset__UL_AVR_THROUGHPUT_3G_voice_chnn_mean_3d': True, 'subset__UL_AVR_THROUGHPUT_3G_voice_chnn_mean_7d': True, 'subset__UL_AVR_THROUGHPUT_LTE_data_chnn_max_14d': True, 'subset__UL_MEAN_USER_THROUGHPUT_HS3G_data_rel_chnn_mean_7d': True, 'subset__UL_MEAN_USER_THROUGHPUT_LTE_data_min_main': True, 'subset__UTIL_BRD_CPU_3G_data_rel_avg_max_14d': True, 'subset__UTIL_CE_HW_DL_3G_avg': True, 'subset__UTIL_CE_HW_DL_3G_data_rel_avg_mean_3d': True, 'subset__UTIL_CE_UL_3G_data_main': True, 'subset__UTIL_SUBUNITS_3G_voice_avg_max_3d': True, 'subset__VOICE_DUR_MIN_voice_rel_avg_min_3d': True}"
8,0.5650729988965283,0.5498752716722161,0.5079119514362495,0.5414547712600237,0.5043467554575335,0.470291146761735,0.5548751110778026,0.5422042118561502,0.5788518570067342,0.5462618973694635,0.5361058656240906,0.030854492916245507,1,0.5639503240585327,0.032189608167922296,0.0730902910232544,0.013297659679811846,0.8,178,-1,68,387,0.34799000109193734,5,0.3409455669807579,0.5646599679118163,0.4055438433526773,200000,1,True,True,True,True,True,True,True,True,True,True,True,True,True,True,True,True,True,True,True,True,True,True,True,True,True,True,True,True,True,True,True,True,True,True,True,True,True,True,True,True,True,True,True,"{'estimator__colsample_bytree': 0.8, 'estimator__max_bin': 178, 'estimator__max_depth': -1, 'estimator__min_child_samples': 68, 'estimator__min_child_weight': 387, 'estimator__min_split_gain': 0.34799000109193734, 'estimator__num_leaves': 5, 'estimator__reg_alpha': 0.3409455669807579, 'estimator__reg_lambda': 0.5646599679118163, 'estimator__subsample': 0.4055438433526773, 'estimator__subsample_for_bin': 200000, 'estimator__subsample_freq': 1, 'subset__AVEUSERNUMBER_chnn': True, 'subset__AVEUSERNUMBER_data_min_main': True, 'subset__AVEUSERNUMBER_data_rel_chnn_min_3d': True, 'subset__AVR_DL_HSPA_USER_3G_data_min_main': True, 'subset__AVR_TX_POWER_3G_voice_chnn_max_3d': True, 'subset__AVR_UL_HSPA_USER_chnn': True, 'subset__COM_CAT#21_2m': True, 'subset__COM_CAT#30': True, 'subset__CSSR_2G_voice_avg_min_14d': True, 'subset__DATA_SPEED': True, 'subset__DL_AVR_THROUGHPUT_LTE_chnn': True, 'subset__DL_AVR_THROUGHPUT_LTE_data_min_main': True, 'subset__DL_MEAN_USER_THROUGHPUT_LTE_data_chnn_min_7d': True, 'subset__HSDPA_USERS_3G_chnn': True, 'subset__NODEB_CNBAP_LOAD_HARDWARE_data_main': True, 'subset__NODEB_CNBAP_LOAD_HARDWARE_data_rel_avg_mean_14d': True, 'subset__PSSR_2G_data_avg_max_7d': True, 'subset__PSSR_2G_voice_avg_max_3d': True, 'subset__PSSR_2G_voice_rel_avg_min_3d': True, 'subset__RAB_CS_BLOCKING_RATE_3G_voice_avg_mean_14d': True, 'subset__RBU_AVAIL_DL_data_avg_mean_7d': True, 'subset__RBU_OTHER_DL_data_avg_max_7d': True, 'subset__RBU_OWN_UL_data_avg_max_3d': True, 'subset__RBU_USED_UL_voice_chnn_max_3d': True, 'subset__RENT_CHANNEL_div_1m_2m': True, 'subset__RRC_BLOCKING_RATE_LTE_voice_avg_max_7d': True, 'subset__SHO_FACTOR_avg': True, 'subset__SHO_FACTOR_data_rel_avg_max_14d': True, 'subset__SUM_DATA_MB': True, 'subset__SUM_MINUTES': True, 'subset__TBF_DROP_RATE_2G_avg': True, 'subset__TOTAL_UL_VOLUME_3G_data_main': True, 'subset__UL_AVR_THROUGHPUT_3G_voice_chnn_mean_3d': True, 'subset__UL_AVR_THROUGHPUT_3G_voice_chnn_mean_7d': True, 'subset__UL_AVR_THROUGHPUT_LTE_data_chnn_max_14d': True, 'subset__UL_MEAN_USER_THROUGHPUT_HS3G_data_rel_chnn_mean_7d': True, 'subset__UL_MEAN_USER_THROUGHPUT_LTE_data_min_main': True, 'subset__UTIL_BRD_CPU_3G_data_rel_avg_max_14d': True, 'subset__UTIL_CE_HW_DL_3G_avg': True, 'subset__UTIL_CE_HW_DL_3G_data_rel_avg_mean_3d': True, 'subset__UTIL_CE_UL_3G_data_main': True, 'subset__UTIL_SUBUNITS_3G_voice_avg_max_3d': True, 'subset__VOICE_DUR_MIN_voice_rel_avg_min_3d': True}"
9,0.5580542823189882,0.5592968105949487,0.5174726721839771,0.5418723167350086,0.5069697975439761,0.46191431117901716,0.5600141323083841,0.538291061314947,0.5726796783829213,0.5493185443722365,0.53657575810512,0.031383443345376925,1,0.7706531524658203,0.11620527945206796,0.0718346118927002,0.004917017606149881,0.8,206,-1,46,583,0.39230039418479223,9,0.19918648144498882,0.8491461579998935,0.7879664787078983,200000,1,True,True,True,True,True,True,True,True,True,True,True,True,True,True,True,True,True,True,True,True,True,True,True,True,True,True,True,True,True,True,True,True,True,True,True,True,True,True,True,True,True,True,True,"{'estimator__colsample_bytree': 0.8, 'estimator__max_bin': 206, 'estimator__max_depth': -1, 'estimator__min_child_samples': 46, 'estimator__min_child_weight': 583, 'estimator__min_split_gain': 0.39230039418479223, 'estimator__num_leaves': 9, 'estimator__reg_alpha': 0.19918648144498882, 'estimator__reg_lambda': 0.8491461579998935, 'estimator__subsample': 0.7879664787078983, 'estimator__subsample_for_bin': 200000, 'estimator__subsample_freq': 1, 'subset__AVEUSERNUMBER_chnn': True, 'subset__AVEUSERNUMBER_data_min_main': True, 'subset__AVEUSERNUMBER_data_rel_chnn_min_3d': True, 'subset__AVR_DL_HSPA_USER_3G_data_min_main': True, 'subset__AVR_TX_POWER_3G_voice_chnn_max_3d': True, 'subset__AVR_UL_HSPA_USER_chnn': True, 'subset__COM_CAT#21_2m': True, 'subset__COM_CAT#30': True, 'subset__CSSR_2G_voice_avg_min_14d': True, 'subset__DATA_SPEED': True, 'subset__DL_AVR_THROUGHPUT_LTE_chnn': True, 'subset__DL_AVR_THROUGHPUT_LTE_data_min_main': True, 'subset__DL_MEAN_USER_THROUGHPUT_LTE_data_chnn_min_7d': True, 'subset__HSDPA_USERS_3G_chnn': True, 'subset__NODEB_CNBAP_LOAD_HARDWARE_data_main': True, 'subset__NODEB_CNBAP_LOAD_HARDWARE_data_rel_avg_mean_14d': True, 'subset__PSSR_2G_data_avg_max_7d': True, 'subset__PSSR_2G_voice_avg_max_3d': True, 'subset__PSSR_2G_voice_rel_avg_min_3d': True, 'subset__RAB_CS_BLOCKING_RATE_3G_voice_avg_mean_14d': True, 'subset__RBU_AVAIL_DL_data_avg_mean_7d': True, 'subset__RBU_OTHER_DL_data_avg_max_7d': True, 'subset__RBU_OWN_UL_data_avg_max_3d': True, 'subset__RBU_USED_UL_voice_chnn_max_3d': True, 'subset__RENT_CHANNEL_div_1m_2m': True, 'subset__RRC_BLOCKING_RATE_LTE_voice_avg_max_7d': True, 'subset__SHO_FACTOR_avg': True, 'subset__SHO_FACTOR_data_rel_avg_max_14d': True, 'subset__SUM_DATA_MB': True, 'subset__SUM_MINUTES': True, 'subset__TBF_DROP_RATE_2G_avg': True, 'subset__TOTAL_UL_VOLUME_3G_data_main': True, 'subset__UL_AVR_THROUGHPUT_3G_voice_chnn_mean_3d': True, 'subset__UL_AVR_THROUGHPUT_3G_voice_chnn_mean_7d': True, 'subset__UL_AVR_THROUGHPUT_LTE_data_chnn_max_14d': True, 'subset__UL_MEAN_USER_THROUGHPUT_HS3G_data_rel_chnn_mean_7d': True, 'subset__UL_MEAN_USER_THROUGHPUT_LTE_data_min_main': True, 'subset__UTIL_BRD_CPU_3G_data_rel_avg_max_14d': True, 'subset__UTIL_CE_HW_DL_3G_avg': True, 'subset__UTIL_CE_HW_DL_3G_data_rel_avg_mean_3d': True, 'subset__UTIL_CE_UL_3G_data_main': True, 'subset__UTIL_SUBUNITS_3G_voice_avg_max_3d': True, 'subset__VOICE_DUR_MIN_voice_rel_avg_min_3d': True}"
10,0.5840813598166539,0.5675674228879158,0.552958684410565,0.5575891566652034,0.5196781687954349,0.493177574059927,0.5765874757770093,0.5371990193034485,0.5586383734997804,0.5549554082845305,0.5502377627880328,0.02580953630262817,1,0.997694993019104,0.20030729736334243,0.08484606742858887,0.013561592222527915,0.8,10,-1,150,10,0.2,5,0.1,0.95,0.9,200000,1,True,True,True,True,True,True,True,True,True,True,True,True,True,True,True,True,True,True,True,True,True,True,True,True,True,True,True,True,True,True,True,True,True,True,True,True,True,True,True,True,True,True,True,"{'estimator__colsample_bytree': 0.8, 'estimator__max_bin': 10, 'estimator__max_depth': -1, 'estimator__min_child_samples': 150, 'estimator__min_child_weight': 10, 'estimator__min_split_gain': 0.2, 'estimator__num_leaves': 5, 'estimator__reg_alpha': 0.1, 'estimator__reg_lambda': 0.95, 'estimator__subsample': 0.9, 'estimator__subsample_for_bin': 200000, 'estimator__subsample_freq': 1, 'subset__AVEUSERNUMBER_chnn': True, 'subset__AVEUSERNUMBER_data_min_main': True, 'subset__AVEUSERNUMBER_data_rel_chnn_min_3d': True, 'subset__AVR_DL_HSPA_USER_3G_data_min_main': True, 'subset__AVR_TX_POWER_3G_voice_chnn_max_3d': True, 'subset__AVR_UL_HSPA_USER_chnn': True, 'subset__COM_CAT#21_2m': True, 'subset__COM_CAT#30': True, 'subset__CSSR_2G_voice_avg_min_14d': True, 'subset__DATA_SPEED': True, 'subset__DL_AVR_THROUGHPUT_LTE_chnn': True, 'subset__DL_AVR_THROUGHPUT_LTE_data_min_main': True, 'subset__DL_MEAN_USER_THROUGHPUT_LTE_data_chnn_min_7d': True, 'subset__HSDPA_USERS_3G_chnn': True, 'subset__NODEB_CNBAP_LOAD_HARDWARE_data_main': True, 'subset__NODEB_CNBAP_LOAD_HARDWARE_data_rel_avg_mean_14d': True, 'subset__PSSR_2G_data_avg_max_7d': True, 'subset__PSSR_2G_voice_avg_max_3d': True, 'subset__PSSR_2G_voice_rel_avg_min_3d': True, 'subset__RAB_CS_BLOCKING_RATE_3G_voice_avg_mean_14d': True, 'subset__RBU_AVAIL_DL_data_avg_mean_7d': True, 'subset__RBU_OTHER_DL_data_avg_max_7d': True, 'subset__RBU_OWN_UL_data_avg_max_3d': True, 'subset__RBU_USED_UL_voice_chnn_max_3d': True, 'subset__RENT_CHANNEL_div_1m_2m': True, 'subset__RRC_BLOCKING_RATE_LTE_voice_avg_max_7d': True, 'subset__SHO_FACTOR_avg': True, 'subset__SHO_FACTOR_data_rel_avg_max_14d': True, 'subset__SUM_DATA_MB': True, 'subset__SUM_MINUTES': True, 'subset__TBF_DROP_RATE_2G_avg': True, 'subset__TOTAL_UL_VOLUME_3G_data_main': True, 'subset__UL_AVR_THROUGHPUT_3G_voice_chnn_mean_3d': True, 'subset__UL_AVR_THROUGHPUT_3G_voice_chnn_mean_7d': True, 'subset__UL_AVR_THROUGHPUT_LTE_data_chnn_max_14d': True, 'subset__UL_MEAN_USER_THROUGHPUT_HS3G_data_rel_chnn_mean_7d': True, 'subset__UL_MEAN_USER_THROUGHPUT_LTE_data_min_main': True, 'subset__UTIL_BRD_CPU_3G_data_rel_avg_max_14d': True, 'subset__UTIL_CE_HW_DL_3G_avg': True, 'subset__UTIL_CE_HW_DL_3G_data_rel_avg_mean_3d': True, 'subset__UTIL_CE_UL_3G_data_main': True, 'subset__UTIL_SUBUNITS_3G_voice_avg_max_3d': True, 'subset__VOICE_DUR_MIN_voice_rel_avg_min_3d': True}"
11,0.5788557847381377,0.5522627752855904,0.5339710715929896,0.5499609220260591,0.48580880699763385,0.5132575757575757,0.5455713413916041,0.5356091346102373,0.551743520015417,0.5096517242486858,0.5356741862796481,0.025242509969452247,1,0.922975730895996,0.10209461249719554,0.0744774580001831,0.004747102063407531,0.8,250,-1,150,10,0.2,17,0.75,0.0,0.3,200000,1,True,True,True,True,True,True,True,True,True,True,True,True,True,True,True,True,True,True,True,True,True,True,True,True,True,True,True,True,True,True,True,True,True,True,True,True,True,True,True,True,True,True,True,"{'estimator__colsample_bytree': 0.8, 'estimator__max_bin': 250, 'estimator__max_depth': -1, 'estimator__min_child_samples': 150, 'estimator__min_child_weight': 10, 'estimator__min_split_gain': 0.2, 'estimator__num_leaves': 17, 'estimator__reg_alpha': 0.75, 'estimator__reg_lambda': 0.0, 'estimator__subsample': 0.3, 'estimator__subsample_for_bin': 200000, 'estimator__subsample_freq': 1, 'subset__AVEUSERNUMBER_chnn': True, 'subset__AVEUSERNUMBER_data_min_main': True, 'subset__AVEUSERNUMBER_data_rel_chnn_min_3d': True, 'subset__AVR_DL_HSPA_USER_3G_data_min_main': True, 'subset__AVR_TX_POWER_3G_voice_chnn_max_3d': True, 'subset__AVR_UL_HSPA_USER_chnn': True, 'subset__COM_CAT#21_2m': True, 'subset__COM_CAT#30': True, 'subset__CSSR_2G_voice_avg_min_14d': True, 'subset__DATA_SPEED': True, 'subset__DL_AVR_THROUGHPUT_LTE_chnn': True, 'subset__DL_AVR_THROUGHPUT_LTE_data_min_main': True, 'subset__DL_MEAN_USER_THROUGHPUT_LTE_data_chnn_min_7d': True, 'subset__HSDPA_USERS_3G_chnn': True, 'subset__NODEB_CNBAP_LOAD_HARDWARE_data_main': True, 'subset__NODEB_CNBAP_LOAD_HARDWARE_data_rel_avg_mean_14d': True, 'subset__PSSR_2G_data_avg_max_7d': True, 'subset__PSSR_2G_voice_avg_max_3d': True, 'subset__PSSR_2G_voice_rel_avg_min_3d': True, 'subset__RAB_CS_BLOCKING_RATE_3G_voice_avg_mean_14d': True, 'subset__RBU_AVAIL_DL_data_avg_mean_7d': True, 'subset__RBU_OTHER_DL_data_avg_max_7d': True, 'subset__RBU_OWN_UL_data_avg_max_3d': True, 'subset__RBU_USED_UL_voice_chnn_max_3d': True, 'subset__RENT_CHANNEL_div_1m_2m': True, 'subset__RRC_BLOCKING_RATE_LTE_voice_avg_max_7d': True, 'subset__SHO_FACTOR_avg': True, 'subset__SHO_FACTOR_data_rel_avg_max_14d': True, 'subset__SUM_DATA_MB': True, 'subset__SUM_MINUTES': True, 'subset__TBF_DROP_RATE_2G_avg': True, 'subset__TOTAL_UL_VOLUME_3G_data_main': True, 'subset__UL_AVR_THROUGHPUT_3G_voice_chnn_mean_3d': True, 'subset__UL_AVR_THROUGHPUT_3G_voice_chnn_mean_7d': True, 'subset__UL_AVR_THROUGHPUT_LTE_data_chnn_max_14d': True, 'subset__UL_MEAN_USER_THROUGHPUT_HS3G_data_rel_chnn_mean_7d': True, 'subset__UL_MEAN_USER_THROUGHPUT_LTE_data_min_main': True, 'subset__UTIL_BRD_CPU_3G_data_rel_avg_max_14d': True, 'subset__UTIL_CE_HW_DL_3G_avg': True, 'subset__UTIL_CE_HW_DL_3G_data_rel_avg_mean_3d': True, 'subset__UTIL_CE_UL_3G_data_main': True, 'subset__UTIL_SUBUNITS_3G_voice_avg_max_3d': True, 'subset__VOICE_DUR_MIN_voice_rel_avg_min_3d': True}"
12,0.5917419998302351,0.5619305589756218,0.5428840615397793,0.5432213098080362,0.5180240463368415,0.5001644597232833,0.559162981917069,0.5255345117394516,0.5489384709270579,0.5241266340481568,0.5415749784851654,0.0247737767011614,1,0.9723061084747314,0.15841193228743491,0.07478864192962646,0.005781254754873708,0.8,10,-1,10,10,0.2,5,0.1,0.95,0.9,200000,1,True,True,True,True,True,True,True,True,True,True,True,True,True,True,True,True,True,True,True,True,True,True,True,True,True,True,True,True,True,True,True,True,True,True,True,True,True,True,True,True,True,True,True,"{'estimator__colsample_bytree': 0.8, 'estimator__max_bin': 10, 'estimator__max_depth': -1, 'estimator__min_child_samples': 10, 'estimator__min_child_weight': 10, 'estimator__min_split_gain': 0.2, 'estimator__num_leaves': 5, 'estimator__reg_alpha': 0.1, 'estimator__reg_lambda': 0.95, 'estimator__subsample': 0.9, 'estimator__subsample_for_bin': 200000, 'estimator__subsample_freq': 1, 'subset__AVEUSERNUMBER_chnn': True, 'subset__AVEUSERNUMBER_data_min_main': True, 'subset__AVEUSERNUMBER_data_rel_chnn_min_3d': True, 'subset__AVR_DL_HSPA_USER_3G_data_min_main': True, 'subset__AVR_TX_POWER_3G_voice_chnn_max_3d': True, 'subset__AVR_UL_HSPA_USER_chnn': True, 'subset__COM_CAT#21_2m': True, 'subset__COM_CAT#30': True, 'subset__CSSR_2G_voice_avg_min_14d': True, 'subset__DATA_SPEED': True, 'subset__DL_AVR_THROUGHPUT_LTE_chnn': True, 'subset__DL_AVR_THROUGHPUT_LTE_data_min_main': True, 'subset__DL_MEAN_USER_THROUGHPUT_LTE_data_chnn_min_7d': True, 'subset__HSDPA_USERS_3G_chnn': True, 'subset__NODEB_CNBAP_LOAD_HARDWARE_data_main': True, 'subset__NODEB_CNBAP_LOAD_HARDWARE_data_rel_avg_mean_14d': True, 'subset__PSSR_2G_data_avg_max_7d': True, 'subset__PSSR_2G_voice_avg_max_3d': True, 'subset__PSSR_2G_voice_rel_avg_min_3d': True, 'subset__RAB_CS_BLOCKING_RATE_3G_voice_avg_mean_14d': True, 'subset__RBU_AVAIL_DL_data_avg_mean_7d': True, 'subset__RBU_OTHER_DL_data_avg_max_7d': True, 'subset__RBU_OWN_UL_data_avg_max_3d': True, 'subset__RBU_USED_UL_voice_chnn_max_3d': True, 'subset__RENT_CHANNEL_div_1m_2m': True, 'subset__RRC_BLOCKING_RATE_LTE_voice_avg_max_7d': True, 'subset__SHO_FACTOR_avg': True, 'subset__SHO_FACTOR_data_rel_avg_max_14d': True, 'subset__SUM_DATA_MB': True, 'subset__SUM_MINUTES': True, 'subset__TBF_DROP_RATE_2G_avg': True, 'subset__TOTAL_UL_VOLUME_3G_data_main': True, 'subset__UL_AVR_THROUGHPUT_3G_voice_chnn_mean_3d': True, 'subset__UL_AVR_THROUGHPUT_3G_voice_chnn_mean_7d': True, 'subset__UL_AVR_THROUGHPUT_LTE_data_chnn_max_14d': True, 'subset__UL_MEAN_USER_THROUGHPUT_HS3G_data_rel_chnn_mean_7d': True, 'subset__UL_MEAN_USER_THROUGHPUT_LTE_data_min_main': True, 'subset__UTIL_BRD_CPU_3G_data_rel_avg_max_14d': True, 'subset__UTIL_CE_HW_DL_3G_avg': True, 'subset__UTIL_CE_HW_DL_3G_data_rel_avg_mean_3d': True, 'subset__UTIL_CE_UL_3G_data_main': True, 'subset__UTIL_SUBUNITS_3G_voice_avg_max_3d': True, 'subset__VOICE_DUR_MIN_voice_rel_avg_min_3d': True}"
13,0.5814818351583058,0.5620911533890774,0.5274616447009197,0.5496183206106869,0.5018468357547402,0.5097986164162635,0.5628459471323192,0.5221620290568825,0.5616307827371713,0.5101067417534768,0.5389075814976618,0.02649315557524976,1,1.003461480140686,0.15398279636729914,0.08034896850585938,0.012662364287247216,0.8,104,-1,143,10,0.8999999999999999,15,0.21432495956302944,0.7207377996350591,0.4980866223878141,200000,1,True,True,True,True,True,True,True,True,True,True,True,True,True,True,True,True,True,True,True,True,True,True,True,True,True,True,True,True,True,True,True,True,True,True,True,True,True,True,True,True,True,True,True,"{'estimator__colsample_bytree': 0.8, 'estimator__max_bin': 104, 'estimator__max_depth': -1, 'estimator__min_child_samples': 143, 'estimator__min_child_weight': 10, 'estimator__min_split_gain': 0.8999999999999999, 'estimator__num_leaves': 15, 'estimator__reg_alpha': 0.21432495956302944, 'estimator__reg_lambda': 0.7207377996350591, 'estimator__subsample': 0.4980866223878141, 'estimator__subsample_for_bin': 200000, 'estimator__subsample_freq': 1, 'subset__AVEUSERNUMBER_chnn': True, 'subset__AVEUSERNUMBER_data_min_main': True, 'subset__AVEUSERNUMBER_data_rel_chnn_min_3d': True, 'subset__AVR_DL_HSPA_USER_3G_data_min_main': True, 'subset__AVR_TX_POWER_3G_voice_chnn_max_3d': True, 'subset__AVR_UL_HSPA_USER_chnn': True, 'subset__COM_CAT#21_2m': True, 'subset__COM_CAT#30': True, 'subset__CSSR_2G_voice_avg_min_14d': True, 'subset__DATA_SPEED': True, 'subset__DL_AVR_THROUGHPUT_LTE_chnn': True, 'subset__DL_AVR_THROUGHPUT_LTE_data_min_main': True, 'subset__DL_MEAN_USER_THROUGHPUT_LTE_data_chnn_min_7d': True, 'subset__HSDPA_USERS_3G_chnn': True, 'subset__NODEB_CNBAP_LOAD_HARDWARE_data_main': True, 'subset__NODEB_CNBAP_LOAD_HARDWARE_data_rel_avg_mean_14d': True, 'subset__PSSR_2G_data_avg_max_7d': True, 'subset__PSSR_2G_voice_avg_max_3d': True, 'subset__PSSR_2G_voice_rel_avg_min_3d': True, 'subset__RAB_CS_BLOCKING_RATE_3G_voice_avg_mean_14d': True, 'subset__RBU_AVAIL_DL_data_avg_mean_7d': True, 'subset__RBU_OTHER_DL_data_avg_max_7d': True, 'subset__RBU_OWN_UL_data_avg_max_3d': True, 'subset__RBU_USED_UL_voice_chnn_max_3d': True, 'subset__RENT_CHANNEL_div_1m_2m': True, 'subset__RRC_BLOCKING_RATE_LTE_voice_avg_max_7d': True, 'subset__SHO_FACTOR_avg': True, 'subset__SHO_FACTOR_data_rel_avg_max_14d': True, 'subset__SUM_DATA_MB': True, 'subset__SUM_MINUTES': True, 'subset__TBF_DROP_RATE_2G_avg': True, 'subset__TOTAL_UL_VOLUME_3G_data_main': True, 'subset__UL_AVR_THROUGHPUT_3G_voice_chnn_mean_3d': True, 'subset__UL_AVR_THROUGHPUT_3G_voice_chnn_mean_7d': True, 'subset__UL_AVR_THROUGHPUT_LTE_data_chnn_max_14d': True, 'subset__UL_MEAN_USER_THROUGHPUT_HS3G_data_rel_chnn_mean_7d': True, 'subset__UL_MEAN_USER_THROUGHPUT_LTE_data_min_main': True, 'subset__UTIL_BRD_CPU_3G_data_rel_avg_max_14d': True, 'subset__UTIL_CE_HW_DL_3G_avg': True, 'subset__UTIL_CE_HW_DL_3G_data_rel_avg_mean_3d': True, 'subset__UTIL_CE_UL_3G_data_main': True, 'subset__UTIL_SUBUNITS_3G_voice_avg_max_3d': True, 'subset__VOICE_DUR_MIN_voice_rel_avg_min_3d': True}"
14,0.5772854596384009,0.5762876995385587,0.5513580934231234,0.5590291532391893,0.5231363018318469,0.4935913759443171,0.5757737974155006,0.5302559874950483,0.5610633491429612,0.5559939188248771,0.5503704368630924,0.02576766327876766,1,0.9058691501617432,0.11907080550008926,0.0756188154220581,0.0055603888889685735,0.8,10,-1,150,10,0.8999999999999999,5,0.75,0.0,0.9,200000,1,True,True,True,True,True,True,True,True,True,True,True,True,True,True,True,True,True,True,True,True,True,True,True,True,True,True,True,True,True,True,True,True,True,True,True,True,True,True,True,True,True,True,True,"{'estimator__colsample_bytree': 0.8, 'estimator__max_bin': 10, 'estimator__max_depth': -1, 'estimator__min_child_samples': 150, 'estimator__min_child_weight': 10, 'estimator__min_split_gain': 0.8999999999999999, 'estimator__num_leaves': 5, 'estimator__reg_alpha': 0.75, 'estimator__reg_lambda': 0.0, 'estimator__subsample': 0.9, 'estimator__subsample_for_bin': 200000, 'estimator__subsample_freq': 1, 'subset__AVEUSERNUMBER_chnn': True, 'subset__AVEUSERNUMBER_data_min_main': True, 'subset__AVEUSERNUMBER_data_rel_chnn_min_3d': True, 'subset__AVR_DL_HSPA_USER_3G_data_min_main': True, 'subset__AVR_TX_POWER_3G_voice_chnn_max_3d': True, 'subset__AVR_UL_HSPA_USER_chnn': True, 'subset__COM_CAT#21_2m': True, 'subset__COM_CAT#30': True, 'subset__CSSR_2G_voice_avg_min_14d': True, 'subset__DATA_SPEED': True, 'subset__DL_AVR_THROUGHPUT_LTE_chnn': True, 'subset__DL_AVR_THROUGHPUT_LTE_data_min_main': True, 'subset__DL_MEAN_USER_THROUGHPUT_LTE_data_chnn_min_7d': True, 'subset__HSDPA_USERS_3G_chnn': True, 'subset__NODEB_CNBAP_LOAD_HARDWARE_data_main': True, 'subset__NODEB_CNBAP_LOAD_HARDWARE_data_rel_avg_mean_14d': True, 'subset__PSSR_2G_data_avg_max_7d': True, 'subset__PSSR_2G_voice_avg_max_3d': True, 'subset__PSSR_2G_voice_rel_avg_min_3d': True, 'subset__RAB_CS_BLOCKING_RATE_3G_voice_avg_mean_14d': True, 'subset__RBU_AVAIL_DL_data_avg_mean_7d': True, 'subset__RBU_OTHER_DL_data_avg_max_7d': True, 'subset__RBU_OWN_UL_data_avg_max_3d': True, 'subset__RBU_USED_UL_voice_chnn_max_3d': True, 'subset__RENT_CHANNEL_div_1m_2m': True, 'subset__RRC_BLOCKING_RATE_LTE_voice_avg_max_7d': True, 'subset__SHO_FACTOR_avg': True, 'subset__SHO_FACTOR_data_rel_avg_max_14d': True, 'subset__SUM_DATA_MB': True, 'subset__SUM_MINUTES': True, 'subset__TBF_DROP_RATE_2G_avg': True, 'subset__TOTAL_UL_VOLUME_3G_data_main': True, 'subset__UL_AVR_THROUGHPUT_3G_voice_chnn_mean_3d': True, 'subset__UL_AVR_THROUGHPUT_3G_voice_chnn_mean_7d': True, 'subset__UL_AVR_THROUGHPUT_LTE_data_chnn_max_14d': True, 'subset__UL_MEAN_USER_THROUGHPUT_HS3G_data_rel_chnn_mean_7d': True, 'subset__UL_MEAN_USER_THROUGHPUT_LTE_data_min_main': True, 'subset__UTIL_BRD_CPU_3G_data_rel_avg_max_14d': True, 'subset__UTIL_CE_HW_DL_3G_avg': True, 'subset__UTIL_CE_HW_DL_3G_data_rel_avg_mean_3d': True, 'subset__UTIL_CE_UL_3G_data_main': True, 'subset__UTIL_SUBUNITS_3G_voice_avg_max_3d': True, 'subset__VOICE_DUR_MIN_voice_rel_avg_min_3d': True}"
15,0.5878798489092607,0.5535903557701574,0.540073659304305,0.5634240870207595,0.5253096795606137,0.5023873185637892,0.5711861503377835,0.5322312987805532,0.5645857199447555,0.5300418616104408,0.5470700802094015,0.02428751337174063,1,1.215018057823181,0.14461646455776334,0.07754805088043212,0.007614111808802131,0.8,250,-1,150,10,0.8999999999999999,5,0.75,0.95,0.9,200000,1,True,True,True,True,True,True,True,True,True,True,True,True,True,True,True,True,True,True,True,True,True,True,True,True,True,True,True,True,True,True,True,True,True,True,True,True,True,True,True,True,True,True,True,"{'estimator__colsample_bytree': 0.8, 'estimator__max_bin': 250, 'estimator__max_depth': -1, 'estimator__min_child_samples': 150, 'estimator__min_child_weight': 10, 'estimator__min_split_gain': 0.8999999999999999, 'estimator__num_leaves': 5, 'estimator__reg_alpha': 0.75, 'estimator__reg_lambda': 0.95, 'estimator__subsample': 0.9, 'estimator__subsample_for_bin': 200000, 'estimator__subsample_freq': 1, 'subset__AVEUSERNUMBER_chnn': True, 'subset__AVEUSERNUMBER_data_min_main': True, 'subset__AVEUSERNUMBER_data_rel_chnn_min_3d': True, 'subset__AVR_DL_HSPA_USER_3G_data_min_main': True, 'subset__AVR_TX_POWER_3G_voice_chnn_max_3d': True, 'subset__AVR_UL_HSPA_USER_chnn': True, 'subset__COM_CAT#21_2m': True, 'subset__COM_CAT#30': True, 'subset__CSSR_2G_voice_avg_min_14d': True, 'subset__DATA_SPEED': True, 'subset__DL_AVR_THROUGHPUT_LTE_chnn': True, 'subset__DL_AVR_THROUGHPUT_LTE_data_min_main': True, 'subset__DL_MEAN_USER_THROUGHPUT_LTE_data_chnn_min_7d': True, 'subset__HSDPA_USERS_3G_chnn': True, 'subset__NODEB_CNBAP_LOAD_HARDWARE_data_main': True, 'subset__NODEB_CNBAP_LOAD_HARDWARE_data_rel_avg_mean_14d': True, 'subset__PSSR_2G_data_avg_max_7d': True, 'subset__PSSR_2G_voice_avg_max_3d': True, 'subset__PSSR_2G_voice_rel_avg_min_3d': True, 'subset__RAB_CS_BLOCKING_RATE_3G_voice_avg_mean_14d': True, 'subset__RBU_AVAIL_DL_data_avg_mean_7d': True, 'subset__RBU_OTHER_DL_data_avg_max_7d': True, 'subset__RBU_OWN_UL_data_avg_max_3d': True, 'subset__RBU_USED_UL_voice_chnn_max_3d': True, 'subset__RENT_CHANNEL_div_1m_2m': True, 'subset__RRC_BLOCKING_RATE_LTE_voice_avg_max_7d': True, 'subset__SHO_FACTOR_avg': True, 'subset__SHO_FACTOR_data_rel_avg_max_14d': True, 'subset__SUM_DATA_MB': True, 'subset__SUM_MINUTES': True, 'subset__TBF_DROP_RATE_2G_avg': True, 'subset__TOTAL_UL_VOLUME_3G_data_main': True, 'subset__UL_AVR_THROUGHPUT_3G_voice_chnn_mean_3d': True, 'subset__UL_AVR_THROUGHPUT_3G_voice_chnn_mean_7d': True, 'subset__UL_AVR_THROUGHPUT_LTE_data_chnn_max_14d': True, 'subset__UL_MEAN_USER_THROUGHPUT_HS3G_data_rel_chnn_mean_7d': True, 'subset__UL_MEAN_USER_THROUGHPUT_LTE_data_min_main': True, 'subset__UTIL_BRD_CPU_3G_data_rel_avg_max_14d': True, 'subset__UTIL_CE_HW_DL_3G_avg': True, 'subset__UTIL_CE_HW_DL_3G_data_rel_avg_mean_3d': True, 'subset__UTIL_CE_UL_3G_data_main': True, 'subset__UTIL_SUBUNITS_3G_voice_avg_max_3d': True, 'subset__VOICE_DUR_MIN_voice_rel_avg_min_3d': True}"
16,0.5756886087768441,0.573150755329058,0.5450842050041218,0.5593182231834095,0.5158131965782684,0.4825460487225194,0.5702761153282014,0.5293566587796966,0.5672837060908107,0.5383338864918685,0.545677292104615,0.028494339467929175,1,0.9811139583587647,0.15952464687729584,0.08733839988708496,0.022001375299890675,0.8,10,-1,150,267,0.2,5,0.1,0.95,0.9,200000,1,True,True,True,True,True,True,True,True,True,True,True,True,True,True,True,True,True,True,True,True,True,True,True,True,True,True,True,True,True,True,True,True,True,True,True,True,True,True,True,True,True,True,True,"{'estimator__colsample_bytree': 0.8, 'estimator__max_bin': 10, 'estimator__max_depth': -1, 'estimator__min_child_samples': 150, 'estimator__min_child_weight': 267, 'estimator__min_split_gain': 0.2, 'estimator__num_leaves': 5, 'estimator__reg_alpha': 0.1, 'estimator__reg_lambda': 0.95, 'estimator__subsample': 0.9, 'estimator__subsample_for_bin': 200000, 'estimator__subsample_freq': 1, 'subset__AVEUSERNUMBER_chnn': True, 'subset__AVEUSERNUMBER_data_min_main': True, 'subset__AVEUSERNUMBER_data_rel_chnn_min_3d': True, 'subset__AVR_DL_HSPA_USER_3G_data_min_main': True, 'subset__AVR_TX_POWER_3G_voice_chnn_max_3d': True, 'subset__AVR_UL_HSPA_USER_chnn': True, 'subset__COM_CAT#21_2m': True, 'subset__COM_CAT#30': True, 'subset__CSSR_2G_voice_avg_min_14d': True, 'subset__DATA_SPEED': True, 'subset__DL_AVR_THROUGHPUT_LTE_chnn': True, 'subset__DL_AVR_THROUGHPUT_LTE_data_min_main': True, 'subset__DL_MEAN_USER_THROUGHPUT_LTE_data_chnn_min_7d': True, 'subset__HSDPA_USERS_3G_chnn': True, 'subset__NODEB_CNBAP_LOAD_HARDWARE_data_main': True, 'subset__NODEB_CNBAP_LOAD_HARDWARE_data_rel_avg_mean_14d': True, 'subset__PSSR_2G_data_avg_max_7d': True, 'subset__PSSR_2G_voice_avg_max_3d': True, 'subset__PSSR_2G_voice_rel_avg_min_3d': True, 'subset__RAB_CS_BLOCKING_RATE_3G_voice_avg_mean_14d': True, 'subset__RBU_AVAIL_DL_data_avg_mean_7d': True, 'subset__RBU_OTHER_DL_data_avg_max_7d': True, 'subset__RBU_OWN_UL_data_avg_max_3d': True, 'subset__RBU_USED_UL_voice_chnn_max_3d': True, 'subset__RENT_CHANNEL_div_1m_2m': True, 'subset__RRC_BLOCKING_RATE_LTE_voice_avg_max_7d': True, 'subset__SHO_FACTOR_avg': True, 'subset__SHO_FACTOR_data_rel_avg_max_14d': True, 'subset__SUM_DATA_MB': True, 'subset__SUM_MINUTES': True, 'subset__TBF_DROP_RATE_2G_avg': True, 'subset__TOTAL_UL_VOLUME_3G_data_main': True, 'subset__UL_AVR_THROUGHPUT_3G_voice_chnn_mean_3d': True, 'subset__UL_AVR_THROUGHPUT_3G_voice_chnn_mean_7d': True, 'subset__UL_AVR_THROUGHPUT_LTE_data_chnn_max_14d': True, 'subset__UL_MEAN_USER_THROUGHPUT_HS3G_data_rel_chnn_mean_7d': True, 'subset__UL_MEAN_USER_THROUGHPUT_LTE_data_min_main': True, 'subset__UTIL_BRD_CPU_3G_data_rel_avg_max_14d': True, 'subset__UTIL_CE_HW_DL_3G_avg': True, 'subset__UTIL_CE_HW_DL_3G_data_rel_avg_mean_3d': True, 'subset__UTIL_CE_UL_3G_data_main': True, 'subset__UTIL_SUBUNITS_3G_voice_avg_max_3d': True, 'subset__VOICE_DUR_MIN_voice_rel_avg_min_3d': True}"
17,0.5920072574484339,0.5432801944263032,0.5582208280247959,0.5539168977441837,0.5167607036176568,0.5121222731516849,0.5553033628470176,0.5171514833570656,0.5311071378863633,0.540073659304305,0.5419991502144709,0.02315056742736744,1,1.3116462469100951,0.21359669513122614,0.07946174144744873,0.006503360782015902,0.8,10,-1,10,10,0.2,17,0.75,0.0,0.9,200000,1,True,True,True,True,True,True,True,True,True,True,True,True,True,True,True,True,True,True,True,True,True,True,True,True,True,True,True,True,True,True,True,True,True,True,True,True,True,True,True,True,True,True,True,"{'estimator__colsample_bytree': 0.8, 'estimator__max_bin': 10, 'estimator__max_depth': -1, 'estimator__min_child_samples': 10, 'estimator__min_child_weight': 10, 'estimator__min_split_gain': 0.2, 'estimator__num_leaves': 17, 'estimator__reg_alpha': 0.75, 'estimator__reg_lambda': 0.0, 'estimator__subsample': 0.9, 'estimator__subsample_for_bin': 200000, 'estimator__subsample_freq': 1, 'subset__AVEUSERNUMBER_chnn': True, 'subset__AVEUSERNUMBER_data_min_main': True, 'subset__AVEUSERNUMBER_data_rel_chnn_min_3d': True, 'subset__AVR_DL_HSPA_USER_3G_data_min_main': True, 'subset__AVR_TX_POWER_3G_voice_chnn_max_3d': True, 'subset__AVR_UL_HSPA_USER_chnn': True, 'subset__COM_CAT#21_2m': True, 'subset__COM_CAT#30': True, 'subset__CSSR_2G_voice_avg_min_14d': True, 'subset__DATA_SPEED': True, 'subset__DL_AVR_THROUGHPUT_LTE_chnn': True, 'subset__DL_AVR_THROUGHPUT_LTE_data_min_main': True, 'subset__DL_MEAN_USER_THROUGHPUT_LTE_data_chnn_min_7d': True, 'subset__HSDPA_USERS_3G_chnn': True, 'subset__NODEB_CNBAP_LOAD_HARDWARE_data_main': True, 'subset__NODEB_CNBAP_LOAD_HARDWARE_data_rel_avg_mean_14d': True, 'subset__PSSR_2G_data_avg_max_7d': True, 'subset__PSSR_2G_voice_avg_max_3d': True, 'subset__PSSR_2G_voice_rel_avg_min_3d': True, 'subset__RAB_CS_BLOCKING_RATE_3G_voice_avg_mean_14d': True, 'subset__RBU_AVAIL_DL_data_avg_mean_7d': True, 'subset__RBU_OTHER_DL_data_avg_max_7d': True, 'subset__RBU_OWN_UL_data_avg_max_3d': True, 'subset__RBU_USED_UL_voice_chnn_max_3d': True, 'subset__RENT_CHANNEL_div_1m_2m': True, 'subset__RRC_BLOCKING_RATE_LTE_voice_avg_max_7d': True, 'subset__SHO_FACTOR_avg': True, 'subset__SHO_FACTOR_data_rel_avg_max_14d': True, 'subset__SUM_DATA_MB': True, 'subset__SUM_MINUTES': True, 'subset__TBF_DROP_RATE_2G_avg': True, 'subset__TOTAL_UL_VOLUME_3G_data_main': True, 'subset__UL_AVR_THROUGHPUT_3G_voice_chnn_mean_3d': True, 'subset__UL_AVR_THROUGHPUT_3G_voice_chnn_mean_7d': True, 'subset__UL_AVR_THROUGHPUT_LTE_data_chnn_max_14d': True, 'subset__UL_MEAN_USER_THROUGHPUT_HS3G_data_rel_chnn_mean_7d': True, 'subset__UL_MEAN_USER_THROUGHPUT_LTE_data_min_main': True, 'subset__UTIL_BRD_CPU_3G_data_rel_avg_max_14d': True, 'subset__UTIL_CE_HW_DL_3G_avg': True, 'subset__UTIL_CE_HW_DL_3G_data_rel_avg_mean_3d': True, 'subset__UTIL_CE_UL_3G_data_main': True, 'subset__UTIL_SUBUNITS_3G_voice_avg_max_3d': True, 'subset__VOICE_DUR_MIN_voice_rel_avg_min_3d': True}"
18,0.551741151005857,0.562674646424633,0.5328094386689934,0.55890603085554,0.52124128775307,0.47429653679653677,0.5598588910420437,0.5340995471237541,0.5607368071689346,0.5234200186289519,0.5379666119600737,0.02613431797360534,1,0.9385640859603882,0.13290538120857492,0.07559990882873535,0.005704869526709161,0.8,202,-1,145,335,0.8699775767278226,15,0.627217920720398,0.8129518221548105,0.8976357293507231,200000,1,True,True,True,True,True,True,True,True,True,True,True,True,True,True,True,True,True,True,True,True,True,True,True,True,True,True,True,True,True,True,True,True,True,True,True,True,True,True,True,True,True,True,True,"{'estimator__colsample_bytree': 0.8, 'estimator__max_bin': 202, 'estimator__max_depth': -1, 'estimator__min_child_samples': 145, 'estimator__min_child_weight': 335, 'estimator__min_split_gain': 0.8699775767278226, 'estimator__num_leaves': 15, 'estimator__reg_alpha': 0.627217920720398, 'estimator__reg_lambda': 0.8129518221548105, 'estimator__subsample': 0.8976357293507231, 'estimator__subsample_for_bin': 200000, 'estimator__subsample_freq': 1, 'subset__AVEUSERNUMBER_chnn': True, 'subset__AVEUSERNUMBER_data_min_main': True, 'subset__AVEUSERNUMBER_data_rel_chnn_min_3d': True, 'subset__AVR_DL_HSPA_USER_3G_data_min_main': True, 'subset__AVR_TX_POWER_3G_voice_chnn_max_3d': True, 'subset__AVR_UL_HSPA_USER_chnn': True, 'subset__COM_CAT#21_2m': True, 'subset__COM_CAT#30': True, 'subset__CSSR_2G_voice_avg_min_14d': True, 'subset__DATA_SPEED': True, 'subset__DL_AVR_THROUGHPUT_LTE_chnn': True, 'subset__DL_AVR_THROUGHPUT_LTE_data_min_main': True, 'subset__DL_MEAN_USER_THROUGHPUT_LTE_data_chnn_min_7d': True, 'subset__HSDPA_USERS_3G_chnn': True, 'subset__NODEB_CNBAP_LOAD_HARDWARE_data_main': True, 'subset__NODEB_CNBAP_LOAD_HARDWARE_data_rel_avg_mean_14d': True, 'subset__PSSR_2G_data_avg_max_7d': True, 'subset__PSSR_2G_voice_avg_max_3d': True, 'subset__PSSR_2G_voice_rel_avg_min_3d': True, 'subset__RAB_CS_BLOCKING_RATE_3G_voice_avg_mean_14d': True, 'subset__RBU_AVAIL_DL_data_avg_mean_7d': True, 'subset__RBU_OTHER_DL_data_avg_max_7d': True, 'subset__RBU_OWN_UL_data_avg_max_3d': True, 'subset__RBU_USED_UL_voice_chnn_max_3d': True, 'subset__RENT_CHANNEL_div_1m_2m': True, 'subset__RRC_BLOCKING_RATE_LTE_voice_avg_max_7d': True, 'subset__SHO_FACTOR_avg': True, 'subset__SHO_FACTOR_data_rel_avg_max_14d': True, 'subset__SUM_DATA_MB': True, 'subset__SUM_MINUTES': True, 'subset__TBF_DROP_RATE_2G_avg': True, 'subset__TOTAL_UL_VOLUME_3G_data_main': True, 'subset__UL_AVR_THROUGHPUT_3G_voice_chnn_mean_3d': True, 'subset__UL_AVR_THROUGHPUT_3G_voice_chnn_mean_7d': True, 'subset__UL_AVR_THROUGHPUT_LTE_data_chnn_max_14d': True, 'subset__UL_MEAN_USER_THROUGHPUT_HS3G_data_rel_chnn_mean_7d': True, 'subset__UL_MEAN_USER_THROUGHPUT_LTE_data_min_main': True, 'subset__UTIL_BRD_CPU_3G_data_rel_avg_max_14d': True, 'subset__UTIL_CE_HW_DL_3G_avg': True, 'subset__UTIL_CE_HW_DL_3G_data_rel_avg_mean_3d': True, 'subset__UTIL_CE_UL_3G_data_main': True, 'subset__UTIL_SUBUNITS_3G_voice_avg_max_3d': True, 'subset__VOICE_DUR_MIN_voice_rel_avg_min_3d': True}"
19,0.576786775316187,0.552337719345203,0.5433551384859159,0.5407588621350492,0.48915452394462705,0.509029369323487,0.5475466526771088,0.5230988298020407,0.5818549725383553,0.5294637217220004,0.5393403473938913,0.026953474662270334,1,0.8635394334793091,0.06002136652107414,0.07415003776550293,0.004026096453586757,0.8,10,-1,84,10,0.2,17,0.1,0.95,0.3,200000,1,True,True,True,True,True,True,True,True,True,True,True,True,True,True,True,True,True,True,True,True,True,True,True,True,True,True,True,True,True,True,True,True,True,True,True,True,True,True,True,True,True,True,True,"{'estimator__colsample_bytree': 0.8, 'estimator__max_bin': 10, 'estimator__max_depth': -1, 'estimator__min_child_samples': 84, 'estimator__min_child_weight': 10, 'estimator__min_split_gain': 0.2, 'estimator__num_leaves': 17, 'estimator__reg_alpha': 0.1, 'estimator__reg_lambda': 0.95, 'estimator__subsample': 0.3, 'estimator__subsample_for_bin': 200000, 'estimator__subsample_freq': 1, 'subset__AVEUSERNUMBER_chnn': True, 'subset__AVEUSERNUMBER_data_min_main': True, 'subset__AVEUSERNUMBER_data_rel_chnn_min_3d': True, 'subset__AVR_DL_HSPA_USER_3G_data_min_main': True, 'subset__AVR_TX_POWER_3G_voice_chnn_max_3d': True, 'subset__AVR_UL_HSPA_USER_chnn': True, 'subset__COM_CAT#21_2m': True, 'subset__COM_CAT#30': True, 'subset__CSSR_2G_voice_avg_min_14d': True, 'subset__DATA_SPEED': True, 'subset__DL_AVR_THROUGHPUT_LTE_chnn': True, 'subset__DL_AVR_THROUGHPUT_LTE_data_min_main': True, 'subset__DL_MEAN_USER_THROUGHPUT_LTE_data_chnn_min_7d': True, 'subset__HSDPA_USERS_3G_chnn': True, 'subset__NODEB_CNBAP_LOAD_HARDWARE_data_main': True, 'subset__NODEB_CNBAP_LOAD_HARDWARE_data_rel_avg_mean_14d': True, 'subset__PSSR_2G_data_avg_max_7d': True, 'subset__PSSR_2G_voice_avg_max_3d': True, 'subset__PSSR_2G_voice_rel_avg_min_3d': True, 'subset__RAB_CS_BLOCKING_RATE_3G_voice_avg_mean_14d': True, 'subset__RBU_AVAIL_DL_data_avg_mean_7d': True, 'subset__RBU_OTHER_DL_data_avg_max_7d': True, 'subset__RBU_OWN_UL_data_avg_max_3d': True, 'subset__RBU_USED_UL_voice_chnn_max_3d': True, 'subset__RENT_CHANNEL_div_1m_2m': True, 'subset__RRC_BLOCKING_RATE_LTE_voice_avg_max_7d': True, 'subset__SHO_FACTOR_avg': True, 'subset__SHO_FACTOR_data_rel_avg_max_14d': True, 'subset__SUM_DATA_MB': True, 'subset__SUM_MINUTES': True, 'subset__TBF_DROP_RATE_2G_avg': True, 'subset__TOTAL_UL_VOLUME_3G_data_main': True, 'subset__UL_AVR_THROUGHPUT_3G_voice_chnn_mean_3d': True, 'subset__UL_AVR_THROUGHPUT_3G_voice_chnn_mean_7d': True, 'subset__UL_AVR_THROUGHPUT_LTE_data_chnn_max_14d': True, 'subset__UL_MEAN_USER_THROUGHPUT_HS3G_data_rel_chnn_mean_7d': True, 'subset__UL_MEAN_USER_THROUGHPUT_LTE_data_min_main': True, 'subset__UTIL_BRD_CPU_3G_data_rel_avg_max_14d': True, 'subset__UTIL_CE_HW_DL_3G_avg': True, 'subset__UTIL_CE_HW_DL_3G_data_rel_avg_mean_3d': True, 'subset__UTIL_CE_UL_3G_data_main': True, 'subset__UTIL_SUBUNITS_3G_voice_avg_max_3d': True, 'subset__VOICE_DUR_MIN_voice_rel_avg_min_3d': True}"
20,0.5676672184025126,0.5343457918910528,0.5476108904424911,0.5606618631093219,0.5267710887230603,0.510599694423224,0.5610151708189244,0.5223065640289926,0.5510797297731337,0.5376540368082395,0.54196986057472,0.017799334808279464,1,1.804686188697815,0.3211511642141303,0.08597359657287598,0.01592671808939106,0.8,250,-1,150,10,0.2,17,0.1,0.95,0.9,200000,1,True,True,True,True,True,True,True,True,True,True,True,True,True,True,True,True,True,True,True,True,True,True,True,True,True,True,True,True,True,True,True,True,True,True,True,True,True,True,True,True,True,True,True,"{'estimator__colsample_bytree': 0.8, 'estimator__max_bin': 250, 'estimator__max_depth': -1, 'estimator__min_child_samples': 150, 'estimator__min_child_weight': 10, 'estimator__min_split_gain': 0.2, 'estimator__num_leaves': 17, 'estimator__reg_alpha': 0.1, 'estimator__reg_lambda': 0.95, 'estimator__subsample': 0.9, 'estimator__subsample_for_bin': 200000, 'estimator__subsample_freq': 1, 'subset__AVEUSERNUMBER_chnn': True, 'subset__AVEUSERNUMBER_data_min_main': True, 'subset__AVEUSERNUMBER_data_rel_chnn_min_3d': True, 'subset__AVR_DL_HSPA_USER_3G_data_min_main': True, 'subset__AVR_TX_POWER_3G_voice_chnn_max_3d': True, 'subset__AVR_UL_HSPA_USER_chnn': True, 'subset__COM_CAT#21_2m': True, 'subset__COM_CAT#30': True, 'subset__CSSR_2G_voice_avg_min_14d': True, 'subset__DATA_SPEED': True, 'subset__DL_AVR_THROUGHPUT_LTE_chnn': True, 'subset__DL_AVR_THROUGHPUT_LTE_data_min_main': True, 'subset__DL_MEAN_USER_THROUGHPUT_LTE_data_chnn_min_7d': True, 'subset__HSDPA_USERS_3G_chnn': True, 'subset__NODEB_CNBAP_LOAD_HARDWARE_data_main': True, 'subset__NODEB_CNBAP_LOAD_HARDWARE_data_rel_avg_mean_14d': True, 'subset__PSSR_2G_data_avg_max_7d': True, 'subset__PSSR_2G_voice_avg_max_3d': True, 'subset__PSSR_2G_voice_rel_avg_min_3d': True, 'subset__RAB_CS_BLOCKING_RATE_3G_voice_avg_mean_14d': True, 'subset__RBU_AVAIL_DL_data_avg_mean_7d': True, 'subset__RBU_OTHER_DL_data_avg_max_7d': True, 'subset__RBU_OWN_UL_data_avg_max_3d': True, 'subset__RBU_USED_UL_voice_chnn_max_3d': True, 'subset__RENT_CHANNEL_div_1m_2m': True, 'subset__RRC_BLOCKING_RATE_LTE_voice_avg_max_7d': True, 'subset__SHO_FACTOR_avg': True, 'subset__SHO_FACTOR_data_rel_avg_max_14d': True, 'subset__SUM_DATA_MB': True, 'subset__SUM_MINUTES': True, 'subset__TBF_DROP_RATE_2G_avg': True, 'subset__TOTAL_UL_VOLUME_3G_data_main': True, 'subset__UL_AVR_THROUGHPUT_3G_voice_chnn_mean_3d': True, 'subset__UL_AVR_THROUGHPUT_3G_voice_chnn_mean_7d': True, 'subset__UL_AVR_THROUGHPUT_LTE_data_chnn_max_14d': True, 'subset__UL_MEAN_USER_THROUGHPUT_HS3G_data_rel_chnn_mean_7d': True, 'subset__UL_MEAN_USER_THROUGHPUT_LTE_data_min_main': True, 'subset__UTIL_BRD_CPU_3G_data_rel_avg_max_14d': True, 'subset__UTIL_CE_HW_DL_3G_avg': True, 'subset__UTIL_CE_HW_DL_3G_data_rel_avg_mean_3d': True, 'subset__UTIL_CE_UL_3G_data_main': True, 'subset__UTIL_SUBUNITS_3G_voice_avg_max_3d': True, 'subset__VOICE_DUR_MIN_voice_rel_avg_min_3d': True}"
21,0.5641658178422884,0.5592807511536032,0.5374613235120927,0.5421613866792288,0.49792833206642184,0.5040319157966217,0.5642805905591897,0.5315782148325,0.5590666252689958,0.540443026455253,0.5400369841430065,0.022487383450943317,1,1.0039497375488282,0.12511359725684698,0.07446596622467042,0.003770077811801153,0.8,183,-1,12,70,0.41032748926486107,5,0.13588778789484124,0.25151885406251046,0.32737463834295005,200000,1,True,True,True,True,True,True,True,True,True,True,True,True,True,True,True,True,True,True,True,True,True,True,True,True,True,True,True,True,True,True,True,True,True,True,True,True,True,True,True,True,True,True,True,"{'estimator__colsample_bytree': 0.8, 'estimator__max_bin': 183, 'estimator__max_depth': -1, 'estimator__min_child_samples': 12, 'estimator__min_child_weight': 70, 'estimator__min_split_gain': 0.41032748926486107, 'estimator__num_leaves': 5, 'estimator__reg_alpha': 0.13588778789484124, 'estimator__reg_lambda': 0.25151885406251046, 'estimator__subsample': 0.32737463834295005, 'estimator__subsample_for_bin': 200000, 'estimator__subsample_freq': 1, 'subset__AVEUSERNUMBER_chnn': True, 'subset__AVEUSERNUMBER_data_min_main': True, 'subset__AVEUSERNUMBER_data_rel_chnn_min_3d': True, 'subset__AVR_DL_HSPA_USER_3G_data_min_main': True, 'subset__AVR_TX_POWER_3G_voice_chnn_max_3d': True, 'subset__AVR_UL_HSPA_USER_chnn': True, 'subset__COM_CAT#21_2m': True, 'subset__COM_CAT#30': True, 'subset__CSSR_2G_voice_avg_min_14d': True, 'subset__DATA_SPEED': True, 'subset__DL_AVR_THROUGHPUT_LTE_chnn': True, 'subset__DL_AVR_THROUGHPUT_LTE_data_min_main': True, 'subset__DL_MEAN_USER_THROUGHPUT_LTE_data_chnn_min_7d': True, 'subset__HSDPA_USERS_3G_chnn': True, 'subset__NODEB_CNBAP_LOAD_HARDWARE_data_main': True, 'subset__NODEB_CNBAP_LOAD_HARDWARE_data_rel_avg_mean_14d': True, 'subset__PSSR_2G_data_avg_max_7d': True, 'subset__PSSR_2G_voice_avg_max_3d': True, 'subset__PSSR_2G_voice_rel_avg_min_3d': True, 'subset__RAB_CS_BLOCKING_RATE_3G_voice_avg_mean_14d': True, 'subset__RBU_AVAIL_DL_data_avg_mean_7d': True, 'subset__RBU_OTHER_DL_data_avg_max_7d': True, 'subset__RBU_OWN_UL_data_avg_max_3d': True, 'subset__RBU_USED_UL_voice_chnn_max_3d': True, 'subset__RENT_CHANNEL_div_1m_2m': True, 'subset__RRC_BLOCKING_RATE_LTE_voice_avg_max_7d': True, 'subset__SHO_FACTOR_avg': True, 'subset__SHO_FACTOR_data_rel_avg_max_14d': True, 'subset__SUM_DATA_MB': True, 'subset__SUM_MINUTES': True, 'subset__TBF_DROP_RATE_2G_avg': True, 'subset__TOTAL_UL_VOLUME_3G_data_main': True, 'subset__UL_AVR_THROUGHPUT_3G_voice_chnn_mean_3d': True, 'subset__UL_AVR_THROUGHPUT_3G_voice_chnn_mean_7d': True, 'subset__UL_AVR_THROUGHPUT_LTE_data_chnn_max_14d': True, 'subset__UL_MEAN_USER_THROUGHPUT_HS3G_data_rel_chnn_mean_7d': True, 'subset__UL_MEAN_USER_THROUGHPUT_LTE_data_min_main': True, 'subset__UTIL_BRD_CPU_3G_data_rel_avg_max_14d': True, 'subset__UTIL_CE_HW_DL_3G_avg': True, 'subset__UTIL_CE_HW_DL_3G_data_rel_avg_mean_3d': True, 'subset__UTIL_CE_UL_3G_data_main': True, 'subset__UTIL_SUBUNITS_3G_voice_avg_max_3d': True, 'subset__VOICE_DUR_MIN_voice_rel_avg_min_3d': True}"
22,0.5757894066717596,0.5391582711476077,0.5367065297688511,0.5499502157318287,0.49025191910324073,0.5140374331550802,0.5465295547252229,0.5347044527477705,0.5510208451548665,0.5029817029431602,0.5341181493569087,0.023997164962877595,1,0.9142270803451538,0.07814710898012937,0.07404017448425293,0.003767657867690298,0.8,250,-1,150,10,0.23462017916019692,5,0.667113691368065,0.0,0.3,200000,1,True,True,True,True,True,True,True,True,True,True,True,True,True,True,True,True,True,True,True,True,True,True,True,True,True,True,True,True,True,True,True,True,True,True,True,True,True,True,True,True,True,True,True,"{'estimator__colsample_bytree': 0.8, 'estimator__max_bin': 250, 'estimator__max_depth': -1, 'estimator__min_child_samples': 150, 'estimator__min_child_weight': 10, 'estimator__min_split_gain': 0.23462017916019692, 'estimator__num_leaves': 5, 'estimator__reg_alpha': 0.667113691368065, 'estimator__reg_lambda': 0.0, 'estimator__subsample': 0.3, 'estimator__subsample_for_bin': 200000, 'estimator__subsample_freq': 1, 'subset__AVEUSERNUMBER_chnn': True, 'subset__AVEUSERNUMBER_data_min_main': True, 'subset__AVEUSERNUMBER_data_rel_chnn_min_3d': True, 'subset__AVR_DL_HSPA_USER_3G_data_min_main': True, 'subset__AVR_TX_POWER_3G_voice_chnn_max_3d': True, 'subset__AVR_UL_HSPA_USER_chnn': True, 'subset__COM_CAT#21_2m': True, 'subset__COM_CAT#30': True, 'subset__CSSR_2G_voice_avg_min_14d': True, 'subset__DATA_SPEED': True, 'subset__DL_AVR_THROUGHPUT_LTE_chnn': True, 'subset__DL_AVR_THROUGHPUT_LTE_data_min_main': True, 'subset__DL_MEAN_USER_THROUGHPUT_LTE_data_chnn_min_7d': True, 'subset__HSDPA_USERS_3G_chnn': True, 'subset__NODEB_CNBAP_LOAD_HARDWARE_data_main': True, 'subset__NODEB_CNBAP_LOAD_HARDWARE_data_rel_avg_mean_14d': True, 'subset__PSSR_2G_data_avg_max_7d': True, 'subset__PSSR_2G_voice_avg_max_3d': True, 'subset__PSSR_2G_voice_rel_avg_min_3d': True, 'subset__RAB_CS_BLOCKING_RATE_3G_voice_avg_mean_14d': True, 'subset__RBU_AVAIL_DL_data_avg_mean_7d': True, 'subset__RBU_OTHER_DL_data_avg_max_7d': True, 'subset__RBU_OWN_UL_data_avg_max_3d': True, 'subset__RBU_USED_UL_voice_chnn_max_3d': True, 'subset__RENT_CHANNEL_div_1m_2m': True, 'subset__RRC_BLOCKING_RATE_LTE_voice_avg_max_7d': True, 'subset__SHO_FACTOR_avg': True, 'subset__SHO_FACTOR_data_rel_avg_max_14d': True, 'subset__SUM_DATA_MB': True, 'subset__SUM_MINUTES': True, 'subset__TBF_DROP_RATE_2G_avg': True, 'subset__TOTAL_UL_VOLUME_3G_data_main': True, 'subset__UL_AVR_THROUGHPUT_3G_voice_chnn_mean_3d': True, 'subset__UL_AVR_THROUGHPUT_3G_voice_chnn_mean_7d': True, 'subset__UL_AVR_THROUGHPUT_LTE_data_chnn_max_14d': True, 'subset__UL_MEAN_USER_THROUGHPUT_HS3G_data_rel_chnn_mean_7d': True, 'subset__UL_MEAN_USER_THROUGHPUT_LTE_data_min_main': True, 'subset__UTIL_BRD_CPU_3G_data_rel_avg_max_14d': True, 'subset__UTIL_CE_HW_DL_3G_avg': True, 'subset__UTIL_CE_HW_DL_3G_data_rel_avg_mean_3d': True, 'subset__UTIL_CE_UL_3G_data_main': True, 'subset__UTIL_SUBUNITS_3G_voice_avg_max_3d': True, 'subset__VOICE_DUR_MIN_voice_rel_avg_min_3d': True}"
23,0.5,0.5,0.5,0.5,0.5,0.5,0.5,0.5,0.5,0.5,0.5,0.0,1,0.455848240852356,0.030315337380282383,0.06839072704315186,0.0023098018084977082,0.8,10,-1,77,800,0.8041394943977738,17,0.583993821111822,0.2600015355420177,0.3,200000,1,True,True,True,True,True,True,True,True,True,True,True,True,True,True,True,True,True,True,True,True,True,True,True,True,True,True,True,True,True,True,True,True,True,True,True,True,True,True,True,True,True,True,True,"{'estimator__colsample_bytree': 0.8, 'estimator__max_bin': 10, 'estimator__max_depth': -1, 'estimator__min_child_samples': 77, 'estimator__min_child_weight': 800, 'estimator__min_split_gain': 0.8041394943977738, 'estimator__num_leaves': 17, 'estimator__reg_alpha': 0.583993821111822, 'estimator__reg_lambda': 0.2600015355420177, 'estimator__subsample': 0.3, 'estimator__subsample_for_bin': 200000, 'estimator__subsample_freq': 1, 'subset__AVEUSERNUMBER_chnn': True, 'subset__AVEUSERNUMBER_data_min_main': True, 'subset__AVEUSERNUMBER_data_rel_chnn_min_3d': True, 'subset__AVR_DL_HSPA_USER_3G_data_min_main': True, 'subset__AVR_TX_POWER_3G_voice_chnn_max_3d': True, 'subset__AVR_UL_HSPA_USER_chnn': True, 'subset__COM_CAT#21_2m': True, 'subset__COM_CAT#30': True, 'subset__CSSR_2G_voice_avg_min_14d': True, 'subset__DATA_SPEED': True, 'subset__DL_AVR_THROUGHPUT_LTE_chnn': True, 'subset__DL_AVR_THROUGHPUT_LTE_data_min_main': True, 'subset__DL_MEAN_USER_THROUGHPUT_LTE_data_chnn_min_7d': True, 'subset__HSDPA_USERS_3G_chnn': True, 'subset__NODEB_CNBAP_LOAD_HARDWARE_data_main': True, 'subset__NODEB_CNBAP_LOAD_HARDWARE_data_rel_avg_mean_14d': True, 'subset__PSSR_2G_data_avg_max_7d': True, 'subset__PSSR_2G_voice_avg_max_3d': True, 'subset__PSSR_2G_voice_rel_avg_min_3d': True, 'subset__RAB_CS_BLOCKING_RATE_3G_voice_avg_mean_14d': True, 'subset__RBU_AVAIL_DL_data_avg_mean_7d': True, 'subset__RBU_OTHER_DL_data_avg_max_7d': True, 'subset__RBU_OWN_UL_data_avg_max_3d': True, 'subset__RBU_USED_UL_voice_chnn_max_3d': True, 'subset__RENT_CHANNEL_div_1m_2m': True, 'subset__RRC_BLOCKING_RATE_LTE_voice_avg_max_7d': True, 'subset__SHO_FACTOR_avg': True, 'subset__SHO_FACTOR_data_rel_avg_max_14d': True, 'subset__SUM_DATA_MB': True, 'subset__SUM_MINUTES': True, 'subset__TBF_DROP_RATE_2G_avg': True, 'subset__TOTAL_UL_VOLUME_3G_data_main': True, 'subset__UL_AVR_THROUGHPUT_3G_voice_chnn_mean_3d': True, 'subset__UL_AVR_THROUGHPUT_3G_voice_chnn_mean_7d': True, 'subset__UL_AVR_THROUGHPUT_LTE_data_chnn_max_14d': True, 'subset__UL_MEAN_USER_THROUGHPUT_HS3G_data_rel_chnn_mean_7d': True, 'subset__UL_MEAN_USER_THROUGHPUT_LTE_data_min_main': True, 'subset__UTIL_BRD_CPU_3G_data_rel_avg_max_14d': True, 'subset__UTIL_CE_HW_DL_3G_avg': True, 'subset__UTIL_CE_HW_DL_3G_data_rel_avg_mean_3d': True, 'subset__UTIL_CE_UL_3G_data_main': True, 'subset__UTIL_SUBUNITS_3G_voice_avg_max_3d': True, 'subset__VOICE_DUR_MIN_voice_rel_avg_min_3d': True}"
24,0.5635504201680672,0.5824919970450628,0.5135702279370041,0.5432320161022665,0.5128796719591447,0.46005750785162547,0.5584296007622881,0.5447683693243257,0.5745746924616981,0.5439707504041627,0.5397392859125112,0.034320904132612094,1,0.7010145902633667,0.0686043961845158,0.07130765914916992,0.0035920537277114154,0.8,10,-1,150,676,0.7737903565903175,5,0.75,0.0,0.9,200000,1,True,True,True,True,True,True,True,True,True,True,True,True,True,True,True,True,True,True,True,True,True,True,True,True,True,True,True,True,True,True,True,True,True,True,True,True,True,True,True,True,True,True,True,"{'estimator__colsample_bytree': 0.8, 'estimator__max_bin': 10, 'estimator__max_depth': -1, 'estimator__min_child_samples': 150, 'estimator__min_child_weight': 676, 'estimator__min_split_gain': 0.7737903565903175, 'estimator__num_leaves': 5, 'estimator__reg_alpha': 0.75, 'estimator__reg_lambda': 0.0, 'estimator__subsample': 0.9, 'estimator__subsample_for_bin': 200000, 'estimator__subsample_freq': 1, 'subset__AVEUSERNUMBER_chnn': True, 'subset__AVEUSERNUMBER_data_min_main': True, 'subset__AVEUSERNUMBER_data_rel_chnn_min_3d': True, 'subset__AVR_DL_HSPA_USER_3G_data_min_main': True, 'subset__AVR_TX_POWER_3G_voice_chnn_max_3d': True, 'subset__AVR_UL_HSPA_USER_chnn': True, 'subset__COM_CAT#21_2m': True, 'subset__COM_CAT#30': True, 'subset__CSSR_2G_voice_avg_min_14d': True, 'subset__DATA_SPEED': True, 'subset__DL_AVR_THROUGHPUT_LTE_chnn': True, 'subset__DL_AVR_THROUGHPUT_LTE_data_min_main': True, 'subset__DL_MEAN_USER_THROUGHPUT_LTE_data_chnn_min_7d': True, 'subset__HSDPA_USERS_3G_chnn': True, 'subset__NODEB_CNBAP_LOAD_HARDWARE_data_main': True, 'subset__NODEB_CNBAP_LOAD_HARDWARE_data_rel_avg_mean_14d': True, 'subset__PSSR_2G_data_avg_max_7d': True, 'subset__PSSR_2G_voice_avg_max_3d': True, 'subset__PSSR_2G_voice_rel_avg_min_3d': True, 'subset__RAB_CS_BLOCKING_RATE_3G_voice_avg_mean_14d': True, 'subset__RBU_AVAIL_DL_data_avg_mean_7d': True, 'subset__RBU_OTHER_DL_data_avg_max_7d': True, 'subset__RBU_OWN_UL_data_avg_max_3d': True, 'subset__RBU_USED_UL_voice_chnn_max_3d': True, 'subset__RENT_CHANNEL_div_1m_2m': True, 'subset__RRC_BLOCKING_RATE_LTE_voice_avg_max_7d': True, 'subset__SHO_FACTOR_avg': True, 'subset__SHO_FACTOR_data_rel_avg_max_14d': True, 'subset__SUM_DATA_MB': True, 'subset__SUM_MINUTES': True, 'subset__TBF_DROP_RATE_2G_avg': True, 'subset__TOTAL_UL_VOLUME_3G_data_main': True, 'subset__UL_AVR_THROUGHPUT_3G_voice_chnn_mean_3d': True, 'subset__UL_AVR_THROUGHPUT_3G_voice_chnn_mean_7d': True, 'subset__UL_AVR_THROUGHPUT_LTE_data_chnn_max_14d': True, 'subset__UL_MEAN_USER_THROUGHPUT_HS3G_data_rel_chnn_mean_7d': True, 'subset__UL_MEAN_USER_THROUGHPUT_LTE_data_min_main': True, 'subset__UTIL_BRD_CPU_3G_data_rel_avg_max_14d': True, 'subset__UTIL_CE_HW_DL_3G_avg': True, 'subset__UTIL_CE_HW_DL_3G_data_rel_avg_mean_3d': True, 'subset__UTIL_CE_UL_3G_data_main': True, 'subset__UTIL_SUBUNITS_3G_voice_avg_max_3d': True, 'subset__VOICE_DUR_MIN_voice_rel_avg_min_3d': True}"
